{"type":"FeatureCollection","features":[{"type":"Feature","properties":{"name":"中壢區"},"geometry":{"type":"Polygon","coordinates":[[[121.2603684,24.9342234],[121.2602261,24.9341022],[121.2599184,24.933908],[121.2596314,24.9337641],[121.2590985,24.9334911],[121.2588522,24.933254],[121.2587816,24.9331044],[121.2588013,24.9327296],[121.2589408,24.9318362],[121.2590043,24.931436],[121.2590822,24.9312308],[121.259199,24.9309305],[121.2592296,24.9307432],[121.2592173,24.9306313],[121.2591503,24.9305742],[121.2587586,24.9305415],[121.2583517,24.9305071],[121.2583444,24.9304129],[121.258257,24.9302247],[121.2582053,24.9304032],[121.2582144,24.9305732],[121.2581702,24.9306254],[121.2581256,24.9306701],[121.2579346,24.9305939],[121.2577655,24.9305221],[121.2575603,24.9304477],[121.2573366,24.9303539],[121.2572736,24.9303327],[121.25714,24.9302784],[121.2570739,24.9302489],[121.2569514,24.9302112],[121.256866,24.9301779],[121.2567821,24.9301491],[121.2566317,24.9301137],[121.2564653,24.9300619],[121.2563853,24.930044],[121.2562272,24.9299997],[121.2560226,24.9299363],[121.2559058,24.9298943],[121.2558477,24.9298694],[121.2557639,24.9298537],[121.255703,24.9298305],[121.2555487,24.9297586],[121.2554754,24.9297388],[121.2553235,24.9296676],[121.2552583,24.9296283],[121.2551976,24.9296097],[121.2550926,24.9295568],[121.2550592,24.92953],[121.2549539,24.9294637],[121.2548019,24.9293524],[121.254709,24.9292941],[121.2546339,24.929267],[121.2545129,24.9292049],[121.2544417,24.9291643],[121.2543963,24.9291282],[121.2543749,24.9291068],[121.2543185,24.9290724],[121.2543007,24.9290528],[121.2542673,24.9290293],[121.2542213,24.9289863],[121.2541763,24.9289624],[121.2541383,24.9289255],[121.2539895,24.9288202],[121.253902,24.9287654],[121.2538557,24.9287311],[121.2537495,24.9286598],[121.2536943,24.9286314],[121.2536436,24.928602],[121.2535973,24.9285815],[121.2535346,24.9285555],[121.2533889,24.9284765],[121.2532884,24.928429],[121.2531416,24.92836],[121.2529944,24.9283027],[121.2529385,24.9282751],[121.2528178,24.9282256],[121.2527277,24.9281815],[121.2526449,24.9281498],[121.252436,24.9280541],[121.2523439,24.9280182],[121.2522033,24.9279571],[121.252001,24.9278643],[121.2516975,24.9277334],[121.2516373,24.9277161],[121.2516027,24.9276948],[121.251427,24.9276176],[121.2513139,24.9275718],[121.2512085,24.9275216],[121.2509943,24.9274384],[121.2509104,24.9273978],[121.2508056,24.9273488],[121.2503871,24.9271778],[121.2503287,24.9271473],[121.2500303,24.9270247],[121.2498787,24.9269589],[121.2497981,24.9269283],[121.2497282,24.9269138],[121.2495149,24.9268839],[121.2494474,24.9268769],[121.2493482,24.9268563],[121.2492666,24.9268416],[121.2492054,24.926837],[121.2491201,24.9268154],[121.2490336,24.9267837],[121.2488873,24.9267284],[121.248735,24.926656],[121.2486764,24.9266386],[121.2486383,24.9266304],[121.2485707,24.9266116],[121.2484788,24.9265811],[121.2483967,24.9265484],[121.2483499,24.9265424],[121.2481545,24.9264917],[121.2478678,24.9264356],[121.2477829,24.9264324],[121.2475424,24.9264017],[121.2474711,24.9263922],[121.247358,24.9263925],[121.2473015,24.9263893],[121.2471593,24.9263642],[121.2470206,24.9263462],[121.2468992,24.9263118],[121.2467773,24.9262702],[121.2466138,24.9262003],[121.2464577,24.9261233],[121.2461873,24.925978],[121.2459237,24.9258141],[121.245827,24.9257588],[121.2457267,24.9257078],[121.2456678,24.9256713],[121.2455164,24.9255969],[121.2453261,24.9254699],[121.2451597,24.9253748],[121.2449534,24.9252902],[121.2447524,24.9252384],[121.2445077,24.9251792],[121.2441978,24.9251462],[121.2440841,24.9251554],[121.2440102,24.9251774],[121.2439727,24.925185],[121.2439314,24.9251921],[121.2438926,24.9252039],[121.2438646,24.925214],[121.2437734,24.9252194],[121.243345,24.9252181],[121.2430356,24.9251334],[121.2429772,24.9251061],[121.2428623,24.9250732],[121.2428026,24.9250822],[121.2427702,24.9251358],[121.2427682,24.9252027],[121.242789,24.9252568],[121.2428146,24.9253397],[121.2428328,24.9254513],[121.2428339,24.9255617],[121.242826,24.9255972],[121.2428135,24.9256089],[121.2427592,24.9256456],[121.2427023,24.9256521],[121.2426098,24.9256526],[121.2425485,24.9256439],[121.2424862,24.9256422],[121.2423733,24.9256505],[121.2422601,24.9256658],[121.2421918,24.92568],[121.2421352,24.9256995],[121.2420844,24.9257089],[121.2420107,24.9257416],[121.2419231,24.9257861],[121.2417681,24.9258536],[121.2416782,24.9258798],[121.2416524,24.9258867],[121.2415893,24.9259097],[121.2415334,24.9259206],[121.2414021,24.9259497],[121.2411935,24.9260002],[121.2410968,24.9260117],[121.2408987,24.9260478],[121.2408306,24.9260362],[121.2407417,24.9260098],[121.2406545,24.9259984],[121.2405911,24.9259946],[121.2405154,24.9260012],[121.2404612,24.9260062],[121.2404227,24.9260175],[121.2403627,24.9260549],[121.2402743,24.9260991],[121.24015,24.9261772],[121.2400904,24.9262115],[121.2400544,24.9262492],[121.2399906,24.926362],[121.2399441,24.9264451],[121.2399131,24.9266074],[121.2398964,24.926663],[121.2398575,24.9267096],[121.2398182,24.9267269],[121.2397711,24.9267408],[121.2397107,24.9267396],[121.2396792,24.9267585],[121.2396492,24.9267876],[121.2396379,24.9268186],[121.2396306,24.9268485],[121.2396422,24.9269234],[121.2396352,24.9269739],[121.2396377,24.927148],[121.2396447,24.9272791],[121.2396449,24.9274395],[121.2396521,24.9274831],[121.2396454,24.9275798],[121.239646,24.927714],[121.2396502,24.9277525],[121.2396514,24.9278251],[121.2396357,24.9279154],[121.2396343,24.9280133],[121.239614,24.9280295],[121.2392181,24.9280127],[121.2388118,24.9280064],[121.2386708,24.9279985],[121.2385695,24.927994],[121.2384521,24.9279975],[121.2383185,24.9279832],[121.2382303,24.9279848],[121.2378021,24.9279697],[121.2376976,24.927961],[121.2374571,24.9279618],[121.2372867,24.9279507],[121.2370571,24.927952],[121.2368639,24.9279414],[121.2365864,24.9279361],[121.2364906,24.9281843],[121.2364713,24.9282399],[121.2364469,24.928309],[121.2363933,24.9284353],[121.236378,24.9284976],[121.2363188,24.9286414],[121.2362999,24.9286998],[121.2362211,24.9288864],[121.2361766,24.9290139],[121.2360856,24.9292522],[121.2360406,24.9293684],[121.235977,24.9295488],[121.235923,24.9296741],[121.2358427,24.9298786],[121.2357571,24.9301127],[121.2357405,24.9301312],[121.2356336,24.9300768],[121.2355193,24.9300341],[121.2353981,24.9299776],[121.235349,24.9299618],[121.2352635,24.9299232],[121.2350374,24.9298261],[121.2348872,24.9297628],[121.2347969,24.9297173],[121.2347362,24.9296978],[121.2342953,24.9295057],[121.2342363,24.9294933],[121.2337012,24.9298054],[121.2334477,24.9299436],[121.2333011,24.9300247],[121.2332672,24.9300479],[121.2332348,24.9300559],[121.2331864,24.9300595],[121.2330444,24.9301764],[121.2329714,24.9302119],[121.2327554,24.9303603],[121.2326917,24.9303923],[121.2326301,24.9304076],[121.2325294,24.9305917],[121.2325093,24.9307656],[121.2325043,24.9308282],[121.2325106,24.9309139],[121.2324968,24.9309631],[121.2324568,24.9310397],[121.2323852,24.9310898],[121.2323194,24.9311573],[121.2322865,24.9311985],[121.2322594,24.9312175],[121.2322115,24.9312316],[121.2320103,24.9313003],[121.2319461,24.9313397],[121.2319006,24.9313838],[121.2317384,24.9315228],[121.2316187,24.9316104],[121.2315429,24.9316166],[121.2314992,24.9316113],[121.231407,24.9315707],[121.2313335,24.931523],[121.2312044,24.9314236],[121.2310958,24.9313688],[121.2309581,24.9312777],[121.2308001,24.931164],[121.2304956,24.9312073],[121.2304375,24.9312207],[121.2303108,24.9312358],[121.2301971,24.9312405],[121.2300707,24.9312641],[121.229791,24.9313124],[121.2296433,24.9313464],[121.2293566,24.9314112],[121.2292849,24.931435],[121.2291267,24.9314898],[121.2290561,24.9315332],[121.2290177,24.931564],[121.2289266,24.9316717],[121.2289103,24.9316994],[121.2288908,24.9317422],[121.2288797,24.9318104],[121.2288736,24.9318691],[121.2288746,24.93194],[121.2288814,24.9320366],[121.2288733,24.9320976],[121.228874,24.9321836],[121.2288889,24.9322374],[121.2288881,24.9322782],[121.2289275,24.9324418],[121.2289088,24.9325112],[121.2288972,24.9327163],[121.2288864,24.9327963],[121.2288676,24.93288],[121.2288679,24.9329991],[121.2288723,24.9330585],[121.228873,24.9331421],[121.2288812,24.9332063],[121.2288888,24.9333556],[121.2288889,24.9337151],[121.2288835,24.9338478],[121.2288764,24.9338782],[121.2288579,24.9339519],[121.2288378,24.933986],[121.228828,24.9340227],[121.2287941,24.934103],[121.228713,24.9342454],[121.2285272,24.9345356],[121.2284807,24.9345942],[121.2284512,24.9346504],[121.2284185,24.9347011],[121.2283926,24.9347533],[121.2283674,24.9348257],[121.2282779,24.934951],[121.2282567,24.9350091],[121.2281762,24.9351445],[121.22814,24.9352061],[121.2281169,24.9352759],[121.2280322,24.9354278],[121.2279994,24.9354771],[121.2279591,24.9355486],[121.2278949,24.9356276],[121.2278603,24.9356815],[121.2278139,24.9357179],[121.2277408,24.935795],[121.2276716,24.9358438],[121.2276115,24.9358886],[121.2275624,24.9359329],[121.2274742,24.9359876],[121.2274006,24.9360331],[121.2273342,24.9360681],[121.2271511,24.9361783],[121.2270521,24.9362369],[121.2269629,24.9363074],[121.2268867,24.936352],[121.2268323,24.9363906],[121.2267801,24.936419],[121.2267035,24.9364755],[121.226612,24.9365293],[121.2265807,24.9365491],[121.2264792,24.9365956],[121.2264034,24.9366348],[121.2263083,24.9366862],[121.2262594,24.9367213],[121.2260087,24.9368378],[121.2258729,24.9368973],[121.2257467,24.9369581],[121.2256912,24.9369975],[121.2256639,24.9370271],[121.2256134,24.9370802],[121.2255743,24.9371396],[121.2255336,24.937191],[121.225482,24.9372342],[121.2254486,24.937291],[121.2253949,24.9373632],[121.2253531,24.9374318],[121.2253271,24.937498],[121.2252548,24.9376302],[121.2252218,24.9377001],[121.2251835,24.9377967],[121.2251592,24.937888],[121.2251475,24.937956],[121.2251399,24.9380218],[121.2251378,24.9381934],[121.2251445,24.9382316],[121.2251616,24.9382837],[121.2252278,24.9384709],[121.2253122,24.9386691],[121.2253374,24.9387473],[121.2253604,24.9388395],[121.2253681,24.9388969],[121.2253778,24.93902],[121.2253759,24.9390746],[121.2253711,24.9392027],[121.2253633,24.9392588],[121.2253614,24.9393389],[121.2253409,24.9394176],[121.2252903,24.9396496],[121.2252686,24.9397503],[121.2252593,24.9397911],[121.225255,24.9398459],[121.2252453,24.9398906],[121.2252443,24.9399667],[121.2252376,24.9400223],[121.2252291,24.9400796],[121.2252197,24.9402185],[121.2252091,24.9402711],[121.2251952,24.9403697],[121.2251846,24.940429],[121.2251459,24.9407639],[121.2251204,24.9408876],[121.2250781,24.941025],[121.2250446,24.9411764],[121.225022,24.9412242],[121.2250059,24.941283],[121.2249759,24.9413752],[121.2249635,24.941431],[121.2249477,24.9414905],[121.224933,24.9415267],[121.2249212,24.9415691],[121.2248667,24.9417223],[121.2248383,24.9418319],[121.2247887,24.941959],[121.2247409,24.9421016],[121.2247018,24.9421723],[121.2246197,24.9423277],[121.2245199,24.9425279],[121.2244849,24.942589],[121.2244594,24.9426522],[121.2243948,24.9427685],[121.2243647,24.9428335],[121.2243429,24.9428969],[121.224272,24.9430463],[121.2241935,24.9431679],[121.2241206,24.9432825],[121.2241015,24.9433211],[121.2240403,24.9434235],[121.2234182,24.9434029],[121.2232915,24.9435678],[121.2229174,24.9434901],[121.2226405,24.9437859],[121.2225635,24.943929],[121.2225033,24.943922],[121.2221712,24.9448879],[121.2221503,24.9451211],[121.2221752,24.9451819],[121.2222903,24.9455058],[121.2223009,24.9455343],[121.2223142,24.9456005],[121.2223415,24.9456638],[121.2223846,24.9457426],[121.2223973,24.9457848],[121.2224849,24.9459456],[121.2225273,24.9460328],[121.2225378,24.9460771],[121.2225675,24.946176],[121.222654,24.9463853],[121.2227602,24.9465941],[121.2228071,24.946701],[121.222888,24.9469021],[121.222923,24.9469559],[121.2229819,24.947072],[121.2230783,24.9472324],[121.2231225,24.9472854],[121.223161,24.9473442],[121.2232579,24.9474538],[121.2233613,24.9475414],[121.2234465,24.9476075],[121.2232595,24.9481552],[121.2232019,24.9487434],[121.2231533,24.949228],[121.2230625,24.949551],[121.2230239,24.9495855],[121.2230078,24.9495871],[121.2228301,24.9495042],[121.2227811,24.9495105],[121.2227513,24.9495601],[121.2227233,24.9496043],[121.222566,24.9498386],[121.2224335,24.9500502],[121.2222634,24.950303],[121.2221644,24.9504373],[121.2218707,24.9508932],[121.2217608,24.9510725],[121.2215652,24.9513584],[121.221407,24.951568],[121.2213809,24.9516225],[121.2213835,24.9516631],[121.2214098,24.9516967],[121.2215424,24.9518321],[121.221662,24.9519108],[121.2217888,24.9519678],[121.2219174,24.9520155],[121.2219422,24.9520529],[121.2219467,24.9520858],[121.2219425,24.9521042],[121.2218195,24.9522786],[121.2217783,24.9523403],[121.22176,24.952405],[121.2217986,24.9524757],[121.2219011,24.9525879],[121.2218834,24.9526233],[121.2218188,24.9526805],[121.2217078,24.9528166],[121.2215353,24.9530013],[121.2212699,24.9533081],[121.2210987,24.9534963],[121.2209981,24.953622],[121.2208802,24.953746],[121.220798,24.9538328],[121.2207532,24.9538893],[121.2207063,24.9538943],[121.2206437,24.9538791],[121.2205768,24.9538441],[121.2204608,24.9538067],[121.2203283,24.9536902],[121.2202765,24.9536227],[121.2201997,24.9535006],[121.2201625,24.9534096],[121.220136,24.9532858],[121.2201363,24.9531831],[121.2201337,24.9531113],[121.2201179,24.9529997],[121.2201064,24.9528216],[121.2201124,24.9527406],[121.2201144,24.9526761],[121.220119,24.9525568],[121.2200754,24.9524945],[121.2200061,24.9524368],[121.2198514,24.9523219],[121.2197242,24.9522513],[121.2196067,24.9521979],[121.219488,24.9522037],[121.219376,24.9522264],[121.219296,24.9522614],[121.2191522,24.95233],[121.2190713,24.9523897],[121.2189938,24.9524322],[121.218906,24.9524938],[121.2187268,24.9525904],[121.2186439,24.9526247],[121.2185516,24.9526447],[121.2184799,24.9526434],[121.2184189,24.9526588],[121.2184113,24.9528799],[121.2184091,24.9529452],[121.2184137,24.9530001],[121.2184069,24.9530744],[121.2183836,24.9531814],[121.2183682,24.9532556],[121.2183447,24.9533075],[121.2182805,24.9534084],[121.2182002,24.9535098],[121.2181658,24.9535353],[121.218129,24.953542],[121.2180796,24.9535361],[121.2179842,24.9534807],[121.2179406,24.9534741],[121.2178802,24.9534834],[121.2177719,24.9535406],[121.2177414,24.9535422],[121.2175772,24.9534653],[121.2175053,24.953411],[121.2173207,24.9532043],[121.2172293,24.9530842],[121.2170878,24.9529624],[121.2170183,24.9529192],[121.2169595,24.9529103],[121.2169151,24.9529139],[121.2168869,24.9529461],[121.2168572,24.9529939],[121.2167837,24.9530424],[121.2166771,24.9530449],[121.2165878,24.9530072],[121.2164466,24.9529558],[121.2162295,24.9528825],[121.2160581,24.9528331],[121.215814,24.952801],[121.2157213,24.9528084],[121.2156289,24.9528607],[121.2153988,24.9529662],[121.215225,24.9531719],[121.2150065,24.953473],[121.2149489,24.9535932],[121.2148529,24.9537514],[121.2146989,24.9539347],[121.2146457,24.953991],[121.2145752,24.9540699],[121.2144729,24.9541725],[121.2142461,24.9543661],[121.2140863,24.9544587],[121.2137731,24.954596],[121.2137438,24.954622],[121.2136137,24.9547666],[121.2135405,24.9549108],[121.2134954,24.9550194],[121.2134205,24.9551737],[121.213391,24.9552817],[121.213323,24.9553995],[121.2133093,24.9554563],[121.2133167,24.9554687],[121.2133564,24.9555464],[121.213396,24.9555931],[121.2134157,24.9556368],[121.2134172,24.95567],[121.2133909,24.9557155],[121.2132898,24.9558546],[121.2132837,24.9560093],[121.2132692,24.9560511],[121.2132021,24.9561106],[121.2131622,24.9561148],[121.2130922,24.956093],[121.2129564,24.9559968],[121.2128897,24.9559658],[121.2128445,24.9559661],[121.212814,24.9559947],[121.2127917,24.9560337],[121.2127935,24.956096],[121.2128254,24.9562412],[121.2127803,24.956317],[121.2127527,24.9563369],[121.2126917,24.9563448],[121.2125604,24.9563399],[121.2124609,24.9563439],[121.2122956,24.9563346],[121.2121346,24.956336],[121.2114925,24.956272],[121.2113286,24.9562443],[121.2110439,24.9562358],[121.2108837,24.9562503],[121.2105689,24.9563535],[121.2104267,24.9564233],[121.2100443,24.9565976],[121.2097709,24.956704],[121.2096062,24.9567832],[121.2094234,24.9568563],[121.2091208,24.9569801],[121.2088442,24.9571102],[121.2086876,24.9571705],[121.2083652,24.9573062],[121.2082276,24.9573742],[121.2078784,24.9574339],[121.207746,24.9574466],[121.2076191,24.9574788],[121.2073414,24.9574888],[121.2069674,24.9574694],[121.2068204,24.9574591],[121.2054879,24.9573499],[121.2045988,24.9572761],[121.2037539,24.9572377],[121.2035935,24.9574977],[121.2035237,24.9575505],[121.2034257,24.9575637],[121.2033019,24.9575676],[121.2028593,24.9575332],[121.2023137,24.9575267],[121.2022417,24.9575283],[121.2020599,24.9575667],[121.2019062,24.9575832],[121.2018028,24.9575892],[121.2017417,24.9575793],[121.2015966,24.9574555],[121.2015207,24.9574154],[121.2014528,24.9573946],[121.2013872,24.9574095],[121.2013254,24.9574751],[121.2012253,24.9575315],[121.2011196,24.9575726],[121.2010124,24.9575829],[121.2009213,24.9575613],[121.2008746,24.9575445],[121.2007444,24.9574772],[121.2006043,24.9573833],[121.200453,24.957305],[121.2003138,24.9572204],[121.2001796,24.9571601],[121.2000174,24.9571062],[121.1998471,24.9570943],[121.1997551,24.9570981],[121.199506,24.9571176],[121.1987103,24.9571583],[121.1984888,24.9571658],[121.1982947,24.9571849],[121.1978661,24.9572081],[121.1976232,24.9572137],[121.1971496,24.957243],[121.1969894,24.9572498],[121.1964672,24.9572414],[121.1961269,24.9572306],[121.1952853,24.9572121],[121.1951089,24.9572007],[121.1949599,24.9571981],[121.1947741,24.9572018],[121.1944954,24.9572381],[121.1943246,24.9572879],[121.1940966,24.9573969],[121.1939217,24.9574931],[121.1933106,24.9579327],[121.192284,24.9586557],[121.1920086,24.9588413],[121.1918927,24.9589247],[121.1917647,24.9590331],[121.1916667,24.9591379],[121.1916063,24.9592355],[121.1915155,24.9594641],[121.1915012,24.9596114],[121.1914941,24.959766],[121.1914686,24.9600281],[121.1914219,24.9602229],[121.191355,24.9603123],[121.1912473,24.9604017],[121.1911955,24.9604301],[121.1910934,24.9604601],[121.1909037,24.9604851],[121.190763,24.9604712],[121.1901768,24.9604021],[121.1900953,24.9604064],[121.190028,24.9604413],[121.1899961,24.9604698],[121.1899677,24.9605062],[121.1899659,24.9607613],[121.1900419,24.9611156],[121.1900734,24.9612268],[121.1903364,24.9624152],[121.190363,24.9625606],[121.1906228,24.9636667],[121.1906191,24.9638021],[121.1905534,24.9641167],[121.1905496,24.9641949],[121.1905596,24.9642857],[121.1906401,24.964489],[121.1907161,24.9646549],[121.1908157,24.9648782],[121.190866,24.9650598],[121.1909,24.9652182],[121.1909648,24.9653567],[121.1910157,24.9655055],[121.1910672,24.9658491],[121.1911279,24.9699029],[121.1911148,24.9700866],[121.1910925,24.9701485],[121.1909626,24.9702219],[121.1908881,24.9702834],[121.1908523,24.9703381],[121.1908041,24.9704602],[121.1907313,24.9706087],[121.190687,24.9707608],[121.1906148,24.9709149],[121.1905818,24.9710499],[121.1905187,24.9712247],[121.1904257,24.9713045],[121.1902685,24.9713032],[121.1901204,24.9712659],[121.1899933,24.9712247],[121.18994,24.9711668],[121.1898328,24.9710712],[121.1895069,24.9707529],[121.1892444,24.9704692],[121.189011,24.9702202],[121.1887824,24.9699971],[121.188544,24.9697796],[121.1884377,24.969682],[121.1883203,24.9695912],[121.1880948,24.9694323],[121.1878791,24.9692786],[121.1877122,24.9691799],[121.1875477,24.9690757],[121.18728,24.9688744],[121.1871234,24.9687794],[121.1869852,24.9686866],[121.1868176,24.968604],[121.1866562,24.9685225],[121.1864825,24.9684422],[121.1863427,24.968367],[121.1861634,24.9683007],[121.185967,24.9682424],[121.1857935,24.9682048],[121.1856223,24.9681598],[121.1854646,24.9681271],[121.1853948,24.9681108],[121.1852622,24.9680755],[121.1850455,24.9680256],[121.1848555,24.9679767],[121.1847122,24.9679215],[121.1846342,24.9678841],[121.1845262,24.9678468],[121.1841934,24.9677531],[121.1840523,24.9677282],[121.1838915,24.9677108],[121.1837806,24.9677185],[121.1837004,24.9677401],[121.1835811,24.9677834],[121.1834769,24.9678363],[121.1833548,24.9679125],[121.1832331,24.9679856],[121.183161,24.9680141],[121.1831119,24.9680358],[121.1830266,24.9680977],[121.182942,24.9682123],[121.182891,24.9682648],[121.182768,24.9684531],[121.1826218,24.9686712],[121.1825147,24.9687955],[121.1824135,24.9689373],[121.1823504,24.9690202],[121.1823013,24.9690718],[121.1822211,24.9691642],[121.1821503,24.9692333],[121.182055,24.9693014],[121.1819236,24.9693533],[121.1818389,24.9693702],[121.1817718,24.9693735],[121.1817058,24.969372],[121.1816439,24.969351],[121.1815808,24.9693271],[121.1815116,24.96932],[121.1813931,24.9693217],[121.1813048,24.9693482],[121.1812669,24.9693534],[121.1811683,24.9693964],[121.1810862,24.9694194],[121.1809814,24.9694294],[121.1808841,24.9694297],[121.1808191,24.9694171],[121.1806876,24.9694055],[121.1804907,24.9693834],[121.1803791,24.9693763],[121.1801946,24.969393],[121.1800218,24.9694133],[121.1797958,24.9694451],[121.1795816,24.9694698],[121.1793893,24.9694901],[121.1793074,24.9694987],[121.1791218,24.9695171],[121.1790471,24.9695405],[121.1789667,24.9695601],[121.1789017,24.9695621],[121.178876,24.9695345],[121.1788749,24.9694715],[121.1789117,24.9693531],[121.1789729,24.9691991],[121.1790149,24.9688817],[121.1790055,24.9687032],[121.1789906,24.9686331],[121.1789839,24.9685683],[121.1789523,24.9684395],[121.1789408,24.9683867],[121.1789265,24.9682775],[121.1789237,24.9679159],[121.1789209,24.9678642],[121.1788863,24.9676747],[121.178867,24.9675837],[121.1788336,24.9675024],[121.1787588,24.9673971],[121.1785761,24.9671368],[121.1785229,24.9670417],[121.1784772,24.9669504],[121.1784386,24.9668554],[121.178412,24.9667556],[121.1784039,24.9666673],[121.1784099,24.9665309],[121.1783995,24.9663992],[121.17839,24.9662881],[121.1783763,24.9661796],[121.1783576,24.9660804],[121.1783049,24.9657093],[121.1782878,24.9655327],[121.1782742,24.9653446],[121.1782561,24.9650838],[121.1782322,24.9648373],[121.1782238,24.9646517],[121.1781883,24.9644446],[121.1781537,24.9643391],[121.1780983,24.964128],[121.178044,24.9639374],[121.1780134,24.9638108],[121.1779634,24.9636908],[121.1779103,24.9635373],[121.177862,24.9633595],[121.1778174,24.9631389],[121.1778023,24.9630367],[121.1777784,24.9628273],[121.1777588,24.9626374],[121.1777452,24.9624703],[121.1777463,24.9623367],[121.1777798,24.9621913],[121.1778587,24.9620331],[121.177929,24.9619414],[121.1779927,24.9618236],[121.1780232,24.9616947],[121.1780268,24.9616162],[121.1780046,24.9614881],[121.1779388,24.961351],[121.1778315,24.9612492],[121.1777007,24.9611827],[121.1775774,24.9611439],[121.1774362,24.9610855],[121.1773065,24.9610191],[121.1772193,24.9609445],[121.1771257,24.9607714],[121.1771173,24.9607006],[121.1771187,24.9605564],[121.1771454,24.9604881],[121.1772351,24.9604294],[121.1774271,24.9603615],[121.1775691,24.960294],[121.1777056,24.9602153],[121.1778241,24.9601411],[121.1779345,24.9600661],[121.1780149,24.9599822],[121.1780619,24.9598594],[121.178062,24.9597603],[121.1780175,24.959666],[121.178007,24.959655],[121.1779176,24.9595747],[121.1777673,24.9594967],[121.1774652,24.9592796],[121.1771477,24.9591775],[121.177033,24.9591554],[121.1769721,24.9591517],[121.1766404,24.959152],[121.1765575,24.9591493],[121.176438,24.9591397],[121.1762481,24.9591147],[121.1759327,24.9590591],[121.1756506,24.9590182],[121.1755127,24.9590036],[121.1753566,24.9589708],[121.1752005,24.9589438],[121.1749269,24.9589136],[121.1747747,24.9588931],[121.1745143,24.9588649],[121.1739981,24.9587797],[121.1737306,24.9587275],[121.1735203,24.9587103],[121.1732984,24.9586835],[121.1730355,24.9586447],[121.1728461,24.9586084],[121.1725697,24.9585637],[121.1723121,24.9585352],[121.1721365,24.9585158],[121.1719646,24.9584905],[121.171788,24.958468],[121.1715927,24.9584464],[121.1713112,24.9584175],[121.1710353,24.9583776],[121.1707284,24.958333],[121.1705547,24.95832],[121.1704127,24.9583022],[121.1702049,24.9582603],[121.170113,24.9582494],[121.1695423,24.9581586],[121.1694392,24.9581488],[121.1685742,24.9580175],[121.1684256,24.9579901],[121.1681208,24.957945],[121.1677886,24.9579093],[121.1676288,24.9578969],[121.1671765,24.9578001],[121.1670558,24.9577687],[121.1668797,24.9577331],[121.1666527,24.9576983],[121.1665038,24.9576956],[121.1660984,24.9577014],[121.1659074,24.9577077],[121.1657811,24.9577024],[121.1656875,24.9576911],[121.1657355,24.957723],[121.1657835,24.957771],[121.1657924,24.9578101],[121.165787,24.9578568],[121.1657775,24.9578869],[121.1657409,24.9579544],[121.1656392,24.9580891],[121.165545,24.9581924],[121.1655148,24.9582116],[121.1654578,24.9582462],[121.16543,24.9582656],[121.165333,24.9583443],[121.165126,24.9584964],[121.1650068,24.9585976],[121.164938,24.9586559],[121.1647627,24.9588234],[121.1645419,24.9590355],[121.1643686,24.9592071],[121.1642578,24.9593272],[121.1641248,24.9594539],[121.1639662,24.9596155],[121.1637835,24.9598204],[121.1636745,24.9599185],[121.1634064,24.9601941],[121.1632638,24.9603533],[121.1631491,24.960472],[121.1629881,24.960629],[121.1629074,24.9607133],[121.1627574,24.960847],[121.1626322,24.9609627],[121.162459,24.9611064],[121.1623241,24.961228],[121.1621509,24.9613569],[121.1619473,24.9614967],[121.1617644,24.9616111],[121.1614895,24.9617698],[121.1613876,24.9618301],[121.1610976,24.9619556],[121.1609506,24.9620118],[121.1608203,24.9620557],[121.1606978,24.9621072],[121.1605465,24.9621459],[121.1603838,24.9621797],[121.1602074,24.9621918],[121.160038,24.9622114],[121.1598439,24.9622181],[121.1595627,24.9622234],[121.1589535,24.9622433],[121.158625,24.9622592],[121.1584922,24.9622707],[121.1583422,24.9622855],[121.1582223,24.9622862],[121.1578732,24.9623577],[121.1576413,24.9624073],[121.1571668,24.9625362],[121.1568644,24.9626072],[121.1563514,24.9627442],[121.1558483,24.9628861],[121.155746,24.9629083],[121.1552587,24.9630601],[121.154985,24.9631476],[121.154588,24.9632986],[121.1541593,24.9634557],[121.153982,24.9635167],[121.1538271,24.9635834],[121.1534349,24.9637703],[121.1531743,24.9639228],[121.1529588,24.9640544],[121.1528898,24.9641032],[121.1526961,24.9642557],[121.1523518,24.964542],[121.1521283,24.964723],[121.1518793,24.9648947],[121.1517905,24.9649534],[121.1517134,24.9649927],[121.1515176,24.9650087],[121.1514547,24.9650042],[121.1515566,24.96527],[121.1515759,24.9653495],[121.1516556,24.9654184],[121.15175,24.9655835],[121.1519533,24.9658013],[121.1521977,24.9661639],[121.1522459,24.9662817],[121.1523292,24.9664448],[121.1524331,24.9665906],[121.1525177,24.9666966],[121.1527747,24.9670006],[121.1530314,24.967259],[121.1531612,24.9673802],[121.1533012,24.9675493],[121.153453,24.9677774],[121.1535128,24.967882],[121.1536835,24.9680807],[121.1539519,24.968425],[121.1541514,24.9686737],[121.1543621,24.9689056],[121.1545457,24.9690776],[121.1547652,24.9692606],[121.1550184,24.9695223],[121.1550687,24.969565],[121.1551313,24.9696265],[121.1552044,24.9696862],[121.1553,24.9697716],[121.1555083,24.9699916],[121.1556085,24.9700915],[121.1558916,24.9703561],[121.1560451,24.9705348],[121.1562153,24.9706812],[121.1563133,24.9708216],[121.1564638,24.9709625],[121.1565286,24.9710658],[121.1565449,24.9711245],[121.1565968,24.9712544],[121.1566799,24.97136],[121.1569503,24.9716016],[121.1571618,24.9717178],[121.1573343,24.9717917],[121.1575469,24.9718538],[121.1578535,24.9720905],[121.15789,24.9721665],[121.1579526,24.9722675],[121.1581269,24.9725059],[121.1582248,24.9725859],[121.1582973,24.9726591],[121.1584233,24.9728018],[121.1584867,24.9728808],[121.158584,24.9729952],[121.1586836,24.9731499],[121.1587055,24.9732423],[121.1587684,24.9733025],[121.1588647,24.9733529],[121.1590325,24.9734271],[121.1591599,24.9734626],[121.1593191,24.9735102],[121.1594935,24.973548],[121.1596669,24.9735929],[121.1597948,24.9736143],[121.1601179,24.9736861],[121.1604003,24.9738005],[121.1604894,24.9738397],[121.1607376,24.9739613],[121.1609499,24.9740684],[121.1610095,24.9741302],[121.1610537,24.9742176],[121.1611714,24.974519],[121.1612016,24.9746303],[121.1613706,24.9751114],[121.161589,24.9756496],[121.1616382,24.9757825],[121.1616777,24.9759532],[121.1617287,24.9762278],[121.1617613,24.9763735],[121.1618436,24.9769334],[121.1618918,24.9771765],[121.1619116,24.9773293],[121.161943,24.9774945],[121.1620107,24.977893],[121.1620541,24.9780916],[121.1621068,24.9783358],[121.1621463,24.9784373],[121.1622039,24.9786059],[121.1622338,24.9787054],[121.1622512,24.9788035],[121.1622641,24.9789228],[121.1622794,24.9790112],[121.1622999,24.9790822],[121.1623374,24.9791477],[121.1623951,24.9792193],[121.1624883,24.9793219],[121.1625621,24.9793889],[121.1627063,24.9795554],[121.1628934,24.9798335],[121.1629843,24.9800333],[121.1630308,24.9801534],[121.1630861,24.9803305],[121.1631162,24.9803957],[121.1631487,24.9805776],[121.1631668,24.9806334],[121.1631934,24.9807623],[121.1632095,24.9808533],[121.1632272,24.980945],[121.1632945,24.9811964],[121.1633376,24.9812656],[121.1634248,24.9813731],[121.1634995,24.9814506],[121.1635629,24.9814995],[121.1636647,24.9816006],[121.1638127,24.9817364],[121.1638833,24.981853],[121.1638972,24.9819362],[121.1638992,24.9820213],[121.1638459,24.9822177],[121.1638556,24.9822716],[121.1640092,24.9823902],[121.1641301,24.9824937],[121.1642539,24.9825917],[121.164388,24.9827227],[121.1644979,24.9828416],[121.1646097,24.9829529],[121.1646893,24.9830494],[121.1648073,24.9832305],[121.1649812,24.9834784],[121.1650597,24.9835513],[121.1651927,24.9836976],[121.1652901,24.9837963],[121.1654057,24.9839401],[121.1654809,24.9840207],[121.1657873,24.9844149],[121.165841,24.9844923],[121.1659373,24.9846736],[121.1661215,24.9851363],[121.16616,24.9852562],[121.1664041,24.9858308],[121.1665022,24.9860114],[121.1665304,24.9860836],[121.1666494,24.9862821],[121.1668254,24.9865004],[121.1669146,24.9865827],[121.1672479,24.9869234],[121.1673376,24.9870034],[121.1674704,24.9871249],[121.167552,24.9872292],[121.167683,24.9873452],[121.1677664,24.9874286],[121.1679018,24.9875472],[121.1679987,24.9876369],[121.1682731,24.9878925],[121.1683175,24.9879367],[121.1683587,24.9879723],[121.168373,24.988039],[121.1670937,24.990456],[121.1686148,24.9911221],[121.1686104,24.9918351],[121.1686094,24.9919979],[121.1686094,24.9921025],[121.1686094,24.9923904],[121.1677886,24.9935585],[121.1674823,24.9942786],[121.1674414,24.9947021],[121.1672014,24.9951893],[121.1670467,24.9958018],[121.1667226,24.9964554],[121.1665679,24.9981094],[121.1664269,24.9990117],[121.1658485,25.0001952],[121.1655899,25.0008485],[121.1652477,25.001602],[121.1650481,25.0020639],[121.1647739,25.0033235],[121.1649462,25.005117],[121.1648925,25.0058414],[121.1648174,25.0062352],[121.1644509,25.0067937],[121.1640181,25.0073874],[121.1635246,25.0083937],[121.1631299,25.0090069],[121.1623304,25.010023],[121.1620851,25.0103985],[121.1620545,25.0105765],[121.1620331,25.0114224],[121.1619743,25.0117236],[121.1617436,25.0123506],[121.1615771,25.0128808],[121.1615074,25.0131676],[121.1612941,25.0138336],[121.1611804,25.0141688],[121.1611694,25.0143878],[121.1612552,25.0147961],[121.1613035,25.0149614],[121.1612928,25.0152725],[121.1613142,25.0155885],[121.1613627,25.0157608],[121.161411,25.016541],[121.1615076,25.0171973],[121.1615691,25.0176326],[121.1616229,25.0179799],[121.1616176,25.0184028],[121.1615717,25.0187079],[121.1615837,25.0195503],[121.1616603,25.0198517],[121.16173,25.0200534],[121.1617812,25.0201674],[121.1618507,25.0202794],[121.1618695,25.0203524],[121.1619419,25.0205201],[121.1619904,25.0207167],[121.1620063,25.0210548],[121.1619768,25.0212225],[121.1619472,25.0212735],[121.1619151,25.0213902],[121.1617033,25.0219903],[121.1615303,25.0228032],[121.1612452,25.023774],[121.1609447,25.0244766],[121.1608323,25.0247016],[121.1607887,25.024868],[121.1608571,25.0251644],[121.1609012,25.0252351],[121.1609751,25.0254161],[121.160979,25.0257188],[121.1610219,25.0258282],[121.1610773,25.0258985],[121.1613717,25.0260728],[121.1616878,25.0261917],[121.1622221,25.0264854],[121.1624514,25.026563],[121.1633154,25.0269483],[121.1635891,25.0269097],[121.1640262,25.0269936],[121.1648254,25.0276238],[121.1653784,25.028029],[121.165855,25.0282475],[121.1663491,25.0279923],[121.167573,25.0277054],[121.1691026,25.0273916],[121.1693957,25.027545],[121.1696963,25.0275456],[121.1697189,25.0275746],[121.1699923,25.0275386],[121.1703403,25.0275336],[121.1705035,25.0275019],[121.1706025,25.0273308],[121.1706863,25.0272943],[121.1709615,25.0272808],[121.1712923,25.0272234],[121.1716076,25.0273375],[121.1718958,25.0276389],[121.1719546,25.0276313],[121.1724027,25.027308],[121.172825,25.0269741],[121.1731192,25.0268204],[121.173423,25.026793],[121.1737817,25.0268285],[121.1740916,25.0268775],[121.1751256,25.0272078],[121.1751182,25.0273157],[121.1759048,25.0275302],[121.1760239,25.0275337],[121.1760018,25.0273844],[121.1761196,25.0272725],[121.1764088,25.0266433],[121.1766517,25.0259507],[121.1769854,25.0255361],[121.1772188,25.0251309],[121.1772555,25.0246779],[121.1773927,25.0247466],[121.1787161,25.0241565],[121.178503,25.0239048],[121.178622,25.0236352],[121.1785476,25.0234869],[121.1785362,25.0233954],[121.1789066,25.0231398],[121.1792112,25.0231598],[121.1794096,25.0230825],[121.1799337,25.022574],[121.1801376,25.0224895],[121.1803362,25.0226095],[121.1805081,25.0228042],[121.1808244,25.0233254],[121.181029,25.0238967],[121.1813081,25.0242193],[121.1817911,25.0251519],[121.181853,25.0257638],[121.182041,25.0265713],[121.1821259,25.0268977],[121.182297,25.0271876],[121.1824462,25.0273263],[121.1826007,25.0277538],[121.1826086,25.0284798],[121.1827975,25.0284853],[121.1830186,25.0281203],[121.1831494,25.0276845],[121.1833813,25.02742],[121.1837106,25.0272341],[121.1840255,25.0272316],[121.1842796,25.0270812],[121.1845411,25.0268895],[121.1844398,25.0268485],[121.1850658,25.0262764],[121.1852499,25.025978],[121.1853806,25.0252953],[121.1854574,25.0249587],[121.185567,25.0246303],[121.1856278,25.0244642],[121.1856404,25.0241552],[121.1856147,25.024021],[121.1855499,25.0237994],[121.185452,25.0235638],[121.1854373,25.0231214],[121.1854387,25.0222981],[121.1853489,25.0220193],[121.1853495,25.0218284],[121.1856256,25.0215442],[121.185794,25.0212773],[121.185984,25.0209178],[121.1861136,25.0208016],[121.1864487,25.0206084],[121.1865558,25.0205091],[121.1869952,25.0201391],[121.1871653,25.0198889],[121.1872636,25.0195439],[121.1873127,25.0191838],[121.1872768,25.0187739],[121.1872496,25.0185598],[121.1872471,25.0183516],[121.1873793,25.0175068],[121.1873282,25.0173465],[121.187224,25.0169763],[121.1872361,25.0167844],[121.1872511,25.0165644],[121.187268,25.0163869],[121.1874692,25.0159938],[121.1877048,25.0157839],[121.1878999,25.0157725],[121.1882067,25.0160141],[121.1886584,25.0165857],[121.188855,25.0170219],[121.1890474,25.0174376],[121.1893835,25.0177233],[121.1898656,25.0178009],[121.1901279,25.0180152],[121.1902791,25.0185733],[121.1904222,25.0187583],[121.1908302,25.0184754],[121.1912516,25.0183971],[121.1919373,25.0183194],[121.1924673,25.0182184],[121.1929263,25.0180544],[121.1932016,25.0179899],[121.1939265,25.0179584],[121.1938977,25.0183105],[121.1940586,25.0210229],[121.193962,25.0233222],[121.1940264,25.0237256],[121.1948002,25.0251987],[121.1950242,25.0257963],[121.1951221,25.0264479],[121.195845,25.0265643],[121.1961111,25.0266401],[121.1964203,25.0261757],[121.1965683,25.0259252],[121.1966354,25.025808],[121.1966936,25.0257304],[121.1967616,25.0256573],[121.1968337,25.0256193],[121.1969904,25.0254636],[121.1970545,25.0254084],[121.1971366,25.0253162],[121.1977067,25.0245156],[121.1982748,25.0236834],[121.1983433,25.0236703],[121.1983908,25.0236918],[121.1984842,25.0237492],[121.1985935,25.0238396],[121.1986568,25.0239314],[121.1987518,25.0240677],[121.1989083,25.0242376],[121.1989671,25.0242858],[121.1989798,25.0243001],[121.1990621,25.0243432],[121.1991539,25.0244077],[121.1992903,25.0245266],[121.1993503,25.0246416],[121.1993616,25.0247794],[121.1993249,25.0249859],[121.1993113,25.0251662],[121.1993455,25.0252757],[121.1993835,25.0253775],[121.1994206,25.0254409],[121.1994959,25.0255224],[121.1995244,25.0255655],[121.199602,25.02562],[121.1996768,25.0256548],[121.1997746,25.0256817],[121.1999725,25.0257075],[121.2000406,25.0257061],[121.2001969,25.0257559],[121.2002622,25.0258007],[121.2003509,25.0259299],[121.2004126,25.0260303],[121.2004744,25.0261092],[121.2005124,25.0261522],[121.2005788,25.0261922],[121.2012858,25.0264674],[121.2017941,25.0262046],[121.2023359,25.0256845],[121.2025996,25.0255319],[121.2038755,25.0251012],[121.2060803,25.0245277],[121.2073052,25.023945],[121.2076592,25.0238339],[121.2078001,25.0237736],[121.2080113,25.0235836],[121.2080345,25.0235094],[121.2079932,25.0234494],[121.2079489,25.0234092],[121.2076988,25.0232399],[121.2075325,25.0230147],[121.2074407,25.0228971],[121.2071589,25.0225728],[121.2065268,25.021927],[121.2061035,25.0214658],[121.2060345,25.0210724],[121.2060474,25.0210349],[121.2061345,25.0209057],[121.2062511,25.0207674],[121.2066633,25.0200937],[121.2073163,25.0194599],[121.2078128,25.0190148],[121.2078761,25.0189201],[121.2078934,25.0188355],[121.2077821,25.0183253],[121.2074442,25.0178829],[121.2065094,25.0170758],[121.206118,25.0166996],[121.20602,25.0163441],[121.2061922,25.0161222],[121.206557,25.0161072],[121.2070204,25.0161427],[121.2082904,25.0170174],[121.2088033,25.0172667],[121.2089854,25.0172032],[121.2090535,25.0170274],[121.2088765,25.0163565],[121.2081992,25.0146743],[121.2078773,25.0135514],[121.2077875,25.0129342],[121.207945,25.0126042],[121.2081147,25.0122488],[121.208623,25.0119909],[121.2097763,25.011811],[121.2102001,25.0114562],[121.2101854,25.0110723],[121.2096597,25.0103577],[121.2088322,25.0092542],[121.2086337,25.0085007],[121.2090521,25.0080631],[121.2100446,25.0074506],[121.2100982,25.0067359],[121.2096811,25.0056761],[121.2093432,25.0046503],[121.2095242,25.0036245],[121.2103356,25.0027397],[121.2109202,25.0017583],[121.2110528,25.0014538],[121.2112144,25.0009803],[121.2119667,25.0018566],[121.2123181,25.0022446],[121.2125676,25.0026603],[121.2127864,25.0028986],[121.2132314,25.0033698],[121.2142214,25.003439],[121.2138855,25.0039648],[121.213751,25.0041783],[121.2137649,25.0042114],[121.2135179,25.0045996],[121.2134842,25.0048199],[121.2134819,25.0049963],[121.2135968,25.005948],[121.2136226,25.0071297],[121.213351,25.0090992],[121.2140221,25.0094102],[121.2142116,25.009568],[121.2134791,25.0108724],[121.2132435,25.0112577],[121.2122395,25.0121071],[121.2115173,25.0127013],[121.209617,25.0142563],[121.2104535,25.0150566],[121.2116106,25.0140914],[121.2120255,25.0145037],[121.2120462,25.0145208],[121.213203,25.0156738],[121.2132628,25.015715],[121.2132843,25.0158803],[121.2126939,25.0169421],[121.2126689,25.0169871],[121.212664,25.0169959],[121.2124794,25.0171666],[121.2134233,25.0180755],[121.2135,25.0181515],[121.2150978,25.0197348],[121.2163742,25.0186688],[121.2168632,25.0191449],[121.2173268,25.0192987],[121.2179131,25.0188398],[121.2186849,25.0196189],[121.2213756,25.0173871],[121.2228012,25.0187966],[121.2238674,25.017926],[121.2244188,25.0184749],[121.2244959,25.0185598],[121.2245685,25.0186685],[121.2247267,25.0189486],[121.2248113,25.019231],[121.2248666,25.019527],[121.2248656,25.0198212],[121.2247716,25.0202117],[121.2247293,25.0202886],[121.2246913,25.0203802],[121.2251552,25.0205654],[121.2252396,25.020551],[121.2253191,25.0204851],[121.225406,25.0203423],[121.2254582,25.0202054],[121.2254944,25.0200713],[121.225523,25.0198393],[121.2254982,25.0195751],[121.2253998,25.0192023],[121.2253286,25.0189052],[121.2252671,25.0184353],[121.2252238,25.0180626],[121.2252048,25.0179227],[121.2251971,25.0178502],[121.2251677,25.0176959],[121.2250638,25.0174375],[121.2249885,25.0173114],[121.2249256,25.0172415],[121.2248951,25.0172001],[121.2247375,25.0170432],[121.224292,25.016581],[121.2239967,25.0162702],[121.22389,25.0161684],[121.2238478,25.016106],[121.2235413,25.0157902],[121.2233774,25.0155761],[121.2233203,25.0155191],[121.2232374,25.0154008],[121.2231812,25.0153275],[121.2231545,25.0152549],[121.223072,25.0151349],[121.2229049,25.0147093],[121.2228172,25.0144088],[121.2227839,25.0142092],[121.2227639,25.0140514],[121.2227715,25.0138632],[121.2227753,25.0136922],[121.2227962,25.0135485],[121.2228191,25.0134453],[121.2231341,25.0128621],[121.2231897,25.0127874],[121.2232238,25.012726],[121.2234479,25.012297],[121.2236168,25.0117912],[121.2235426,25.0112098],[121.2234975,25.0109139],[121.2234022,25.0106136],[121.2232021,25.0101075],[121.2230783,25.0097483],[121.2230244,25.0094979],[121.223023,25.009099],[121.2231135,25.0085652],[121.2231416,25.0071872],[121.2233178,25.0062113],[121.2234524,25.0056956],[121.2235892,25.0054008],[121.2239048,25.0049698],[121.224069,25.0048363],[121.2244578,25.0043915],[121.224713,25.0041223],[121.2249448,25.0039121],[121.2252131,25.0037321],[121.2257402,25.003489],[121.2267621,25.0031615],[121.2268177,25.0032634],[121.2268341,25.0036418],[121.2268522,25.0037168],[121.2268925,25.0038079],[121.2270662,25.003996],[121.2272327,25.0041138],[121.2273431,25.0041766],[121.2275554,25.0042491],[121.2276428,25.0042637],[121.2277874,25.0042566],[121.2278798,25.0042849],[121.2279966,25.0042938],[121.2280869,25.0043136],[121.2282331,25.004318],[121.2283059,25.0043127],[121.2284014,25.0043234],[121.2285191,25.004315],[121.2286843,25.0043251],[121.2287478,25.0043386],[121.2289988,25.0045094],[121.2293411,25.0046354],[121.2293703,25.0046623],[121.2293841,25.0047079],[121.2288089,25.0060604],[121.2285698,25.0067061],[121.2285404,25.0068269],[121.2285582,25.006899],[121.2286098,25.0069902],[121.2286713,25.0070429],[121.2287799,25.0070976],[121.2292539,25.0073308],[121.2293631,25.0073703],[121.2295655,25.007393],[121.2299793,25.0073879],[121.230209,25.0073886],[121.2304349,25.0073803],[121.2310828,25.0073786],[121.2312671,25.0073842],[121.2314859,25.0073724],[121.2317341,25.0073725],[121.2319285,25.0073616],[121.2320005,25.0073495],[121.2321335,25.0073113],[121.2324648,25.0072647],[121.2325757,25.0072655],[121.2326345,25.0072765],[121.2327688,25.0074157],[121.2328827,25.007555],[121.2330524,25.0078347],[121.2330865,25.0079109],[121.2331207,25.0080585],[121.2331582,25.0080611],[121.2332263,25.0080252],[121.2339685,25.0078336],[121.2340321,25.0078339],[121.2341476,25.007854],[121.234245,25.0078791],[121.2346286,25.0078873],[121.2346997,25.0079053],[121.2347558,25.0079327],[121.2348179,25.007986],[121.2348894,25.0080635],[121.2349887,25.0081543],[121.235133,25.0082311],[121.2355463,25.0083921],[121.2361479,25.0086587],[121.2363472,25.0086995],[121.237337,25.0088511],[121.2375342,25.0089146],[121.237577,25.0089205],[121.2377195,25.0089896],[121.2379061,25.0091048],[121.2380695,25.0092235],[121.2383047,25.0093733],[121.2384494,25.0094145],[121.2385534,25.0094231],[121.2387175,25.0094593],[121.2387861,25.0094672],[121.2391498,25.0095289],[121.2394547,25.0095798],[121.2408125,25.0098314],[121.2408995,25.0098375],[121.2411721,25.0098759],[121.2414478,25.0099039],[121.2424412,25.0100548],[121.2426133,25.0100822],[121.2428013,25.0101396],[121.2432205,25.0103187],[121.2433263,25.0103633],[121.2434594,25.0103926],[121.2436513,25.0104108],[121.2436732,25.0104384],[121.2436896,25.0104986],[121.2436848,25.0105544],[121.2437062,25.0105991],[121.2440437,25.0106715],[121.2446364,25.0107757],[121.2448134,25.0107445],[121.244928,25.010695],[121.2451668,25.0106503],[121.2454596,25.0106426],[121.2457356,25.01065],[121.2467594,25.0106862],[121.2473895,25.0106307],[121.2476012,25.0106746],[121.2478807,25.0100892],[121.2483167,25.0094854],[121.2486801,25.0091781],[121.2488133,25.008739],[121.2489608,25.0086557],[121.2491748,25.0086763],[121.2492767,25.0077942],[121.2509129,25.0058552],[121.2510704,25.0060199],[121.2512642,25.0059101],[121.2513857,25.0056096],[121.251676,25.0054601],[121.2518456,25.0054271],[121.2524027,25.0049661],[121.2534233,25.0038813],[121.2532223,25.0036844],[121.2539725,25.0030272],[121.2541921,25.0028517],[121.254341,25.0024031],[121.254664,25.0014339],[121.2550718,24.9997075],[121.2553394,24.9988899],[121.2553914,24.998645],[121.2553942,24.9983952],[121.2554618,24.998211],[121.2560398,24.9973758],[121.2561364,24.9972082],[121.256365,24.9966558],[121.2567332,24.9960486],[121.2568105,24.9957736],[121.2568658,24.9953905],[121.2568477,24.9947818],[121.2568148,24.9945965],[121.2564519,24.9940332],[121.2564086,24.9939336],[121.2563999,24.9937257],[121.2564918,24.993642],[121.2566613,24.9935721],[121.256937,24.9935188],[121.2571501,24.9931618],[121.2572408,24.9929205],[121.2573032,24.9925707],[121.2574111,24.9924561],[121.2575687,24.9922373],[121.257602,24.9920385],[121.2575565,24.9918691],[121.2573682,24.9917511],[121.257247,24.9914876],[121.2572713,24.9911473],[121.2575014,24.9910375],[121.2575744,24.9910982],[121.2577125,24.9913319],[121.2578925,24.9914011],[121.2580273,24.9913109],[121.2582651,24.9905112],[121.258673,24.9896697],[121.2587225,24.9895863],[121.2589546,24.988769],[121.2592717,24.9882793],[121.2593422,24.9879386],[121.2595419,24.987566],[121.2598082,24.9870714],[121.2597726,24.9866174],[121.2596228,24.9863384],[121.2596346,24.9861942],[121.2597689,24.9857749],[121.2598735,24.9854963],[121.2600942,24.9850715],[121.2602632,24.9848187],[121.2603856,24.9846596],[121.2603587,24.9844721],[121.2603393,24.9843821],[121.2603774,24.9843513],[121.2605304,24.9840617],[121.2605984,24.9838263],[121.2606303,24.9836236],[121.2608201,24.9834217],[121.2609183,24.9833001],[121.2609455,24.9830076],[121.2610101,24.9828581],[121.2611159,24.98272],[121.2615751,24.9823003],[121.2616554,24.9821277],[121.2618936,24.9810043],[121.2619406,24.9806456],[121.2620036,24.9801646],[121.2622371,24.9787674],[121.2625079,24.9773387],[121.262645,24.9770965],[121.2629874,24.9762298],[121.2632694,24.9757351],[121.2636035,24.9756122],[121.2636813,24.9754841],[121.2636392,24.9750273],[121.2637545,24.9744493],[121.2639082,24.9742368],[121.2639999,24.9741014],[121.2640656,24.9738356],[121.2638812,24.9736133],[121.2636365,24.9733898],[121.263621,24.9733423],[121.2636371,24.9732607],[121.2635873,24.9731796],[121.2636563,24.9730376],[121.2637838,24.9729329],[121.2639025,24.9728748],[121.2640907,24.9728158],[121.2641905,24.9727062],[121.2642046,24.9726175],[121.2642905,24.9721023],[121.2642997,24.9719263],[121.2643198,24.9717677],[121.264365,24.9714844],[121.2643779,24.9713935],[121.2644254,24.9711862],[121.2644639,24.9710172],[121.2644902,24.9709142],[121.2645157,24.9707844],[121.2645504,24.9705961],[121.2645691,24.9704757],[121.2645691,24.9703716],[121.2645589,24.970351],[121.264533,24.9703179],[121.2644244,24.9702567],[121.2643337,24.9702137],[121.2641507,24.9701757],[121.2640579,24.9701523],[121.2639117,24.9701512],[121.2638614,24.9701397],[121.2637412,24.9701266],[121.26356,24.9701179],[121.2634169,24.9700653],[121.2633813,24.9700566],[121.2633315,24.9700166],[121.2633241,24.9700059],[121.2633269,24.9699916],[121.2633465,24.9699607],[121.2635788,24.9697577],[121.2636716,24.9696987],[121.2638693,24.969538],[121.264063,24.9693785],[121.2641345,24.9693197],[121.2643366,24.969144],[121.2644013,24.9690984],[121.2644357,24.9690647],[121.2645626,24.9689304],[121.2646117,24.9688849],[121.2646559,24.9688451],[121.2647151,24.9687894],[121.2648156,24.9686952],[121.2648937,24.9686247],[121.2649958,24.9685308],[121.2650847,24.968465],[121.2651549,24.9684073],[121.2652149,24.9683587],[121.2652216,24.9683317],[121.2652358,24.9683058],[121.2652014,24.9681297],[121.2651465,24.9679693],[121.2651071,24.9678322],[121.2650816,24.9677145],[121.2650437,24.9675936],[121.2650417,24.9675228],[121.2650192,24.9674337],[121.2649691,24.9672953],[121.2649531,24.9672331],[121.2649506,24.9671603],[121.2649618,24.9671154],[121.2649928,24.9670449],[121.26501,24.9670082],[121.2650249,24.9669566],[121.2650576,24.9668121],[121.2650757,24.9667576],[121.2650854,24.9667152],[121.2651216,24.9666189],[121.2651647,24.9665124],[121.2652218,24.9663608],[121.2652602,24.9662212],[121.2652722,24.9661624],[121.2652991,24.9660037],[121.265322,24.9659144],[121.2653474,24.9657879],[121.2653654,24.965654],[121.265375,24.9656262],[121.2653877,24.965417],[121.2653858,24.9653916],[121.2653888,24.9651166],[121.2653855,24.9650942],[121.2653832,24.9650275],[121.2653854,24.9647957],[121.2653921,24.9647513],[121.2653852,24.9646165],[121.2653747,24.964507],[121.265369,24.9643717],[121.2653955,24.9641731],[121.2654319,24.9641048],[121.2655491,24.9638242],[121.2656144,24.9637014],[121.2656191,24.963669],[121.2656167,24.9636371],[121.2656049,24.9635815],[121.2655854,24.9635181],[121.2655196,24.9633411],[121.2654912,24.9632289],[121.2654099,24.962994],[121.2652511,24.9625954],[121.2652424,24.9625688],[121.2651068,24.9622895],[121.2649126,24.9619286],[121.2648768,24.961841],[121.2648381,24.9616956],[121.2648297,24.9616748],[121.2648202,24.9616181],[121.2648157,24.9615547],[121.2648118,24.9614107],[121.2647981,24.9613133],[121.2647667,24.9611986],[121.2647495,24.9611438],[121.264639,24.9608405],[121.2645847,24.9606933],[121.2645532,24.9606521],[121.2644156,24.9605693],[121.2643883,24.9605498],[121.2643486,24.9605132],[121.2643282,24.9604726],[121.2643247,24.9604241],[121.2643537,24.9602399],[121.2643661,24.9601707],[121.2644064,24.960002],[121.26445,24.9597693],[121.2644801,24.9595984],[121.2644937,24.9594824],[121.2645105,24.9594251],[121.2645378,24.9592836],[121.2645534,24.9592243],[121.2645602,24.9591818],[121.264563,24.9591193],[121.2645785,24.9590074],[121.2645901,24.9589574],[121.2645964,24.958895],[121.2646462,24.9586541],[121.2646581,24.9585785],[121.2646716,24.9584753],[121.2646833,24.9584074],[121.2647007,24.9583412],[121.2647221,24.9582885],[121.2647702,24.9580989],[121.2648192,24.9579722],[121.2648617,24.9577918],[121.2648803,24.9577353],[121.2649445,24.9575407],[121.2649823,24.9574573],[121.2650331,24.9573362],[121.265103,24.957173],[121.2651392,24.9571185],[121.2652348,24.956961],[121.2652957,24.9568674],[121.2653429,24.9567803],[121.2654716,24.9565826],[121.2656401,24.9563888],[121.2656959,24.9563328],[121.2657392,24.9562799],[121.2657812,24.9562055],[121.2657957,24.9561749],[121.2658117,24.9561131],[121.2658507,24.9560017],[121.2659347,24.9557892],[121.2659645,24.9557333],[121.2659883,24.9556862],[121.2660154,24.955619],[121.2660781,24.9553798],[121.2661111,24.9552049],[121.2661108,24.9551567],[121.266136,24.9549477],[121.2661366,24.9547853],[121.2661561,24.9547774],[121.2661713,24.954759],[121.2661751,24.954727],[121.2661868,24.9546551],[121.2662095,24.9545481],[121.2662312,24.9544373],[121.2662848,24.9542634],[121.2663081,24.9541848],[121.2663294,24.954127],[121.2663522,24.9540708],[121.2665311,24.9537121],[121.2665767,24.9536393],[121.266596,24.9536088],[121.2666355,24.9535349],[121.2667211,24.9533756],[121.266745,24.9533278],[121.2668084,24.9531873],[121.2668714,24.9529466],[121.2668742,24.952897],[121.2668765,24.9527802],[121.2668701,24.9527474],[121.2668563,24.9526662],[121.2668342,24.9525882],[121.2668007,24.9524913],[121.2667723,24.9523815],[121.2667674,24.9523572],[121.266767,24.9522987],[121.2667711,24.9522667],[121.2667725,24.9522023],[121.2668019,24.9520288],[121.2668369,24.9517999],[121.2668472,24.9516758],[121.2668508,24.9515863],[121.2668451,24.9513439],[121.2668507,24.9512205],[121.2668279,24.9510285],[121.2668045,24.9507336],[121.266796,24.9506932],[121.2667931,24.9505482],[121.2667893,24.9503663],[121.2667913,24.9503205],[121.2667975,24.950254],[121.2668161,24.9502001],[121.2668153,24.9500865],[121.266809,24.9499444],[121.2667923,24.9498362],[121.2667881,24.9497482],[121.266768,24.9496924],[121.2667199,24.9495078],[121.2666945,24.9493059],[121.2666588,24.9491297],[121.2666505,24.9489928],[121.2666332,24.9488017],[121.2666202,24.9486384],[121.2666097,24.9485459],[121.2666018,24.9484828],[121.2665774,24.9483929],[121.2665368,24.9483064],[121.2664785,24.9482309],[121.2664588,24.9481902],[121.266442,24.9481288],[121.2664372,24.9480701],[121.2663974,24.947864],[121.2663925,24.9478536],[121.2663551,24.9478053],[121.2662977,24.947694],[121.2660992,24.9474117],[121.2660424,24.9473488],[121.2660426,24.9473039],[121.26602,24.9472169],[121.2659709,24.9470156],[121.2659184,24.946861],[121.265768,24.9463427],[121.2656204,24.9458314],[121.2655631,24.9456466],[121.2654712,24.9453739],[121.2653738,24.9450917],[121.265278,24.9448483],[121.2651616,24.9444681],[121.2650111,24.9438804],[121.2649436,24.9436588],[121.2648609,24.9433606],[121.264817,24.9431678],[121.2647953,24.9430497],[121.2647554,24.9429064],[121.2647062,24.9427649],[121.264656,24.9425555],[121.2646389,24.9424625],[121.2645909,24.9422874],[121.2645642,24.9421461],[121.2645032,24.9419558],[121.2644904,24.9418909],[121.2644148,24.9416479],[121.2642436,24.9410279],[121.2641592,24.9407337],[121.2641218,24.9405856],[121.2640538,24.9403579],[121.2639914,24.940153],[121.2639729,24.9400486],[121.263912,24.9398502],[121.2638879,24.9397425],[121.2637806,24.9393734],[121.2637539,24.9392692],[121.2636594,24.9389605],[121.2636282,24.9388385],[121.2635768,24.9386479],[121.2635009,24.9383974],[121.2634859,24.9382974],[121.2634342,24.9381081],[121.2632933,24.937642],[121.2631828,24.9373664],[121.2631007,24.9371905],[121.2630374,24.9370869],[121.2629973,24.9370572],[121.2622024,24.9358756],[121.2620036,24.9356618],[121.2618181,24.9354657],[121.2617723,24.9352215],[121.2614023,24.9349885],[121.2611962,24.9348568],[121.2608397,24.9346301],[121.260674,24.9344876],[121.2605705,24.9343981],[121.2603684,24.9342234]]]}},{"type":"Feature","properties":{"name":"蘆竹區"},"geometry":{"type":"Polygon","coordinates":[[[121.2833991,25.1178122],[121.2819795,25.1177322],[121.2804048,25.1177815],[121.2795567,25.1178643],[121.2776841,25.1183363],[121.2744557,25.1185861],[121.2697103,25.1195324],[121.2676112,25.1202383],[121.2661758,25.1207307],[121.2653344,25.1210408],[121.2647111,25.1211901],[121.2641814,25.1213419],[121.2631121,25.1215564],[121.2616193,25.1217758],[121.2615591,25.1224202],[121.2611324,25.1227025],[121.2597323,25.1226602],[121.2588834,25.1225062],[121.2585477,25.1220207],[121.2585273,25.121547],[121.2582086,25.1212605],[121.2575194,25.1208223],[121.2545798,25.1208581],[121.2518626,25.1209238],[121.2514474,25.1213839],[121.2499629,25.1212764],[121.2491842,25.121578],[121.2489366,25.1215253],[121.2494736,25.1205475],[121.2493226,25.1200656],[121.2485613,25.1198445],[121.2483011,25.1197791],[121.2485601,25.1189008],[121.2485747,25.1176704],[121.2487469,25.1172597],[121.2494269,25.1162605],[121.250546,25.1149791],[121.2522354,25.1135083],[121.2525202,25.1123607],[121.252595,25.1118591],[121.2527943,25.1114128],[121.2527932,25.1111906],[121.252821,25.1109213],[121.2528672,25.1106687],[121.2529412,25.110075],[121.253077,25.1087163],[121.2534026,25.1074069],[121.2537032,25.1056972],[121.2538502,25.1052328],[121.2541454,25.1019445],[121.2545019,25.1010193],[121.2546431,25.1007538],[121.2547879,25.1005534],[121.2549381,25.1003671],[121.255366,25.099831],[121.2565461,25.0982229],[121.2566802,25.0978949],[121.2567016,25.0977249],[121.2567714,25.0976059],[121.2568009,25.0973096],[121.2567982,25.0970837],[121.2569175,25.0965176],[121.2570372,25.0964358],[121.2571335,25.0961364],[121.2571254,25.0961048],[121.257222,25.0957842],[121.2572937,25.0954805],[121.2574245,25.0950117],[121.2575586,25.0946231],[121.2577225,25.0943281],[121.2578121,25.0941862],[121.2580929,25.0935123],[121.258144,25.0934505],[121.2582218,25.0934244],[121.2585296,25.0932167],[121.2588193,25.0930029],[121.2594621,25.0925651],[121.2598878,25.0923143],[121.2611693,25.0912608],[121.2618847,25.0906948],[121.2626944,25.0897121],[121.2633021,25.0886177],[121.2637829,25.0880954],[121.2644331,25.0873783],[121.2646805,25.0868038],[121.2651584,25.0857404],[121.2652257,25.0852855],[121.265214,25.0849941],[121.265223,25.0848215],[121.2652968,25.0846358],[121.2653412,25.0840895],[121.2655804,25.0838045],[121.2657105,25.0835421],[121.2660759,25.0830172],[121.2664735,25.0826812],[121.2670866,25.0822852],[121.2691203,25.0816635],[121.2699188,25.0814837],[121.2704372,25.0813623],[121.2710014,25.0812208],[121.27154,25.080954],[121.272187,25.080522],[121.27257,25.080164],[121.27266,25.080024],[121.2728619,25.0796715],[121.2730551,25.0791953],[121.2731235,25.0787379],[121.2732238,25.0779909],[121.2729379,25.07709],[121.272328,25.0761164],[121.2717252,25.075272],[121.2711644,25.0744987],[121.2707333,25.0736043],[121.2707201,25.0734444],[121.2702944,25.0734311],[121.269603,25.0733802],[121.2688226,25.0731427],[121.2685512,25.0733929],[121.2681991,25.0734099],[121.2676562,25.0733972],[121.2671473,25.0734523],[121.2667316,25.0734438],[121.2656712,25.0732742],[121.2652259,25.0731427],[121.2650902,25.0731427],[121.2649544,25.0730706],[121.2650096,25.0729815],[121.265192,25.072727],[121.2652471,25.0724259],[121.2653035,25.0721017],[121.265164,25.0714953],[121.2650139,25.0713348],[121.2648211,25.0709498],[121.2648159,25.0706313],[121.2648062,25.0705468],[121.2647428,25.0704864],[121.2646345,25.0704114],[121.2644481,25.0703506],[121.2642399,25.0701757],[121.2641841,25.0699674],[121.2641731,25.069724],[121.2641169,25.0696358],[121.2640354,25.0695318],[121.26391,25.0694945],[121.2634867,25.0694196],[121.2632014,25.0694448],[121.2628967,25.0694394],[121.2626136,25.069265],[121.2624104,25.0690162],[121.2622915,25.0687196],[121.2622396,25.0682351],[121.2620528,25.0680372],[121.2619986,25.0678174],[121.2620257,25.06769],[121.2623045,25.0664125],[121.2622646,25.0662504],[121.2621782,25.0662083],[121.2621193,25.0661828],[121.2620214,25.0661843],[121.2619266,25.0661307],[121.2612911,25.0655672],[121.2598995,25.0645977],[121.2597895,25.0644508],[121.2594631,25.0642831],[121.2593855,25.0637766],[121.2591429,25.0637389],[121.2589424,25.0635789],[121.2587541,25.0635214],[121.2582385,25.063436],[121.2578113,25.0630902],[121.2575618,25.0629316],[121.2574148,25.0625955],[121.2571703,25.0624832],[121.2569812,25.0623291],[121.2561354,25.0619187],[121.2547046,25.060911],[121.2545096,25.0608093],[121.2521577,25.0620749],[121.2520255,25.062096],[121.2507799,25.0617145],[121.2505121,25.0615924],[121.2502638,25.0614616],[121.2501146,25.061409],[121.2498238,25.0613352],[121.2497329,25.0612615],[121.2496688,25.0609915],[121.2496286,25.0608684],[121.2491071,25.0602839],[121.2490089,25.0600553],[121.2490191,25.0599662],[121.2490484,25.0598816],[121.2491194,25.0598128],[121.24926,25.0596807],[121.2493908,25.059473],[121.2494282,25.0593727],[121.2494411,25.0592085],[121.249505,25.0591006],[121.2497572,25.0590039],[121.2498841,25.0588998],[121.2510847,25.0573604],[121.2510692,25.0572915],[121.2493721,25.0569827],[121.2482522,25.0567896],[121.2479754,25.0566049],[121.2472374,25.0563644],[121.2456579,25.0555081],[121.245435,25.0553193],[121.2455141,25.0550598],[121.2456882,25.0547651],[121.2460551,25.0543852],[121.246112,25.0542767],[121.2460949,25.0541924],[121.2457829,25.053898],[121.2457885,25.0538261],[121.2462466,25.053081],[121.2472057,25.0517711],[121.2474127,25.0514035],[121.2476621,25.0509718],[121.2478506,25.0509058],[121.2481859,25.0502038],[121.2483248,25.0500223],[121.248337,25.0498554],[121.2475381,25.0491246],[121.2467769,25.0485721],[121.2463264,25.0483025],[121.247689,25.0472753],[121.2473948,25.0470838],[121.2470682,25.0469699],[121.246256,25.0468017],[121.2461738,25.0466798],[121.2461499,25.0463651],[121.2460834,25.0462707],[121.2459965,25.0462605],[121.2453275,25.0464659],[121.2452388,25.0464126],[121.2451981,25.0461683],[121.2451058,25.0460762],[121.2448036,25.0459271],[121.2443858,25.0459012],[121.2441341,25.0459739],[121.2432527,25.0465066],[121.2431446,25.0465044],[121.2422544,25.0456797],[121.2421922,25.0456282],[121.2420721,25.0455775],[121.2418745,25.0455226],[121.2414692,25.0455051],[121.2413813,25.0454751],[121.2412575,25.0454355],[121.2411348,25.0453719],[121.2408948,25.0452249],[121.2405735,25.0451282],[121.2404536,25.045074],[121.2402356,25.0449502],[121.2401274,25.0449286],[121.2393266,25.0445061],[121.2390058,25.0443239],[121.2384584,25.0439052],[121.2382507,25.0436708],[121.2380989,25.04347],[121.2380268,25.0433148],[121.2379383,25.0431913],[121.2378911,25.0431623],[121.2377894,25.043102],[121.2374704,25.0430002],[121.2371863,25.0428985],[121.2367555,25.0426107],[121.2367146,25.0424859],[121.2367465,25.0424284],[121.236826,25.0422659],[121.2369204,25.0420457],[121.2370029,25.0416251],[121.2370068,25.0412085],[121.2370972,25.0404459],[121.2371759,25.0400292],[121.2373724,25.0395851],[121.2375729,25.0392431],[121.2377764,25.0390524],[121.2374323,25.0388649],[121.2364907,25.0382838],[121.2367748,25.0379105],[121.2357866,25.037304],[121.235459,25.0371255],[121.2342998,25.0366397],[121.234335,25.0362173],[121.234308,25.0359472],[121.2344991,25.0354296],[121.2343012,25.0348694],[121.2344232,25.0343737],[121.2344628,25.0335812],[121.2346137,25.033203],[121.2346767,25.0326776],[121.2347828,25.0323723],[121.2347293,25.032295],[121.2343364,25.032246],[121.2338223,25.0317868],[121.2335815,25.0317241],[121.2332992,25.0314594],[121.2332149,25.03144],[121.2329054,25.0312523],[121.2323128,25.0312531],[121.2321469,25.0311643],[121.2322789,25.0308228],[121.2323141,25.0304687],[121.2323498,25.0303601],[121.2324419,25.0302337],[121.233218,25.0295777],[121.2334129,25.0296307],[121.2339098,25.0296271],[121.2340421,25.0295727],[121.2344671,25.0293407],[121.2347914,25.0291062],[121.2351215,25.0289179],[121.2352898,25.0287815],[121.2356852,25.0284298],[121.2368157,25.0269658],[121.2376363,25.0254534],[121.2378455,25.0249948],[121.2378374,25.0242466],[121.2384167,25.0229353],[121.2388672,25.023064],[121.2391005,25.0228629],[121.239543,25.0223238],[121.2398165,25.0218653],[121.2399417,25.0215234],[121.2403072,25.0209481],[121.2409508,25.0201839],[121.2415462,25.0194679],[121.2419726,25.0190656],[121.242592,25.0186473],[121.2430586,25.0180921],[121.243292,25.0176014],[121.2436942,25.0170543],[121.2441286,25.0164751],[121.2441608,25.0161372],[121.2442654,25.0157832],[121.2444979,25.0156099],[121.2445664,25.0155496],[121.2446851,25.0154783],[121.2448267,25.0153456],[121.2449686,25.0151767],[121.2450585,25.0150909],[121.2451003,25.0150308],[121.2451562,25.014964],[121.2451797,25.0149177],[121.2454048,25.0146115],[121.2454287,25.0145702],[121.2455557,25.0144247],[121.2456966,25.0143094],[121.245875,25.0142379],[121.2459958,25.0141892],[121.2461174,25.0141012],[121.2461848,25.0140374],[121.2462703,25.0139177],[121.2463658,25.0137201],[121.2463874,25.0136583],[121.2464263,25.0134978],[121.246538,25.0131974],[121.2465604,25.0129782],[121.2465917,25.0128685],[121.2466548,25.012702],[121.2471392,25.0119168],[121.2472376,25.0117441],[121.2472838,25.0116118],[121.2473708,25.0113752],[121.2474931,25.0109322],[121.2475302,25.0108271],[121.2476012,25.0106746],[121.2478807,25.0100892],[121.2483167,25.0094854],[121.2486801,25.0091781],[121.2488133,25.008739],[121.2489608,25.0086557],[121.2491748,25.0086763],[121.2492767,25.0077942],[121.2509129,25.0058552],[121.2510704,25.0060199],[121.2512642,25.0059101],[121.2513857,25.0056096],[121.251676,25.0054601],[121.2518456,25.0054271],[121.2524027,25.0049661],[121.2534233,25.0038813],[121.2532223,25.0036844],[121.2539725,25.0030272],[121.2541921,25.0028517],[121.254341,25.0024031],[121.254664,25.0014339],[121.2550718,24.9997075],[121.2553394,24.9988899],[121.2553914,24.998645],[121.2553942,24.9983952],[121.2554618,24.998211],[121.2560398,24.9973758],[121.2561364,24.9972082],[121.256365,24.9966558],[121.2567332,24.9960486],[121.2568105,24.9957736],[121.2568658,24.9953905],[121.2568477,24.9947818],[121.2568148,24.9945965],[121.2564519,24.9940332],[121.2564086,24.9939336],[121.2563999,24.9937257],[121.2564918,24.993642],[121.2566613,24.9935721],[121.256937,24.9935188],[121.2571501,24.9931618],[121.2572408,24.9929205],[121.2573032,24.9925707],[121.2574111,24.9924561],[121.2575687,24.9922373],[121.257602,24.9920385],[121.2575565,24.9918691],[121.2573682,24.9917511],[121.257247,24.9914876],[121.2572713,24.9911473],[121.2575014,24.9910375],[121.2575744,24.9910982],[121.2577125,24.9913319],[121.2578925,24.9914011],[121.2580273,24.9913109],[121.2582651,24.9905112],[121.258673,24.9896697],[121.2587225,24.9895863],[121.2589546,24.988769],[121.2592717,24.9882793],[121.2593422,24.9879386],[121.2595419,24.987566],[121.2598082,24.9870714],[121.2599627,24.9869999],[121.2605315,24.9873071],[121.2614873,24.9878987],[121.2624885,24.9884562],[121.2639903,24.989355],[121.2642178,24.989537],[121.2645591,24.9897191],[121.2647526,24.9896053],[121.2652759,24.9894915],[121.2657879,24.9894915],[121.2672486,24.9896874],[121.2672693,24.9897952],[121.2676334,24.9898697],[121.267933,24.9899389],[121.2680781,24.9899175],[121.2681502,24.989758],[121.2682207,24.989396],[121.2683029,24.9891086],[121.2683511,24.9889996],[121.2684568,24.9892217],[121.2686774,24.9893413],[121.2692631,24.9896083],[121.2695391,24.98973],[121.2697446,24.9898965],[121.2701887,24.9901435],[121.2706313,24.9903695],[121.2709023,24.9904806],[121.2710918,24.9905133],[121.271415,24.9904349],[121.2714625,24.9904377],[121.2714652,24.9904499],[121.2714337,24.9904888],[121.2713546,24.990541],[121.2712358,24.9906536],[121.2712271,24.9906977],[121.2712432,24.9907136],[121.2713794,24.9907112],[121.2718548,24.9906358],[121.2720707,24.9906067],[121.2721216,24.9905858],[121.2721552,24.9905483],[121.2721914,24.9904487],[121.2722268,24.9903938],[121.2722491,24.9903782],[121.2723121,24.9903757],[121.2724502,24.9903988],[121.2728795,24.9904579],[121.2730067,24.9904335],[121.2730886,24.990394],[121.2731354,24.9903432],[121.2731061,24.9901751],[121.2730191,24.9899981],[121.272944,24.9898669],[121.2729481,24.9897549],[121.2730345,24.9896472],[121.2732982,24.9895043],[121.2733848,24.9893785],[121.2734253,24.989234],[121.2734249,24.9890955],[121.2733972,24.9888146],[121.2735991,24.9885991],[121.2737766,24.9883321],[121.2738575,24.9882182],[121.2740622,24.9882364],[121.2742259,24.9887416],[121.2745088,24.9896124],[121.2745531,24.9896756],[121.2747234,24.9898603],[121.2748566,24.9900803],[121.274883,24.9901885],[121.2748616,24.9903243],[121.2746274,24.9908824],[121.2743228,24.9918664],[121.2741863,24.9927657],[121.2741823,24.9928936],[121.2741876,24.9929733],[121.2742247,24.9931201],[121.2743631,24.9933504],[121.2745352,24.9935653],[121.2745776,24.9936242],[121.2748139,24.9938658],[121.2749113,24.9938866],[121.2751693,24.9938847],[121.275229,24.9939056],[121.2752502,24.9939487],[121.2753224,24.9941846],[121.2753422,24.9942586],[121.2753696,24.9943162],[121.2753992,24.9943676],[121.2754256,24.9944226],[121.2754712,24.9945147],[121.2754785,24.9945754],[121.2754583,24.9946398],[121.2754265,24.9947785],[121.275401,24.9949975],[121.2754273,24.995096],[121.2755278,24.9952409],[121.2755884,24.9953363],[121.2755966,24.9955106],[121.2755244,24.9957871],[121.2755066,24.9958893],[121.2755088,24.9959482],[121.2756837,24.996039],[121.2757859,24.9960955],[121.2759323,24.9962671],[121.2760438,24.9964888],[121.2760558,24.9965691],[121.2760347,24.9967635],[121.2760419,24.9968516],[121.2760849,24.9969498],[121.2761708,24.9970379],[121.276367,24.99716],[121.2765995,24.9973293],[121.2768413,24.997459],[121.277574,24.9982029],[121.2778401,24.9984856],[121.2783658,24.9991663],[121.2790528,25.000182],[121.2791569,25.0003414],[121.2792932,25.0003901],[121.2796694,25.0005482],[121.2798639,25.0006054],[121.2801106,25.0007269],[121.2803334,25.0008098],[121.2802918,25.0009524],[121.2802072,25.0011049],[121.2801014,25.001323],[121.2799752,25.0014607],[121.2798639,25.0016932],[121.2794871,25.0022624],[121.279388,25.0023662],[121.2791071,25.003226],[121.2788251,25.0041708],[121.2787184,25.0044323],[121.2785823,25.0048459],[121.2782912,25.0055895],[121.2780296,25.006219],[121.2778591,25.0066138],[121.2777202,25.006945],[121.2775866,25.007261],[121.2774607,25.007495],[121.2772803,25.0077452],[121.2771049,25.0080789],[121.2763915,25.0089012],[121.2756308,25.0098533],[121.2753416,25.0103032],[121.275065,25.0108949],[121.2747887,25.0115988],[121.2747029,25.0118301],[121.2745557,25.0121094],[121.2745387,25.0121969],[121.2745144,25.0122743],[121.2744228,25.0123831],[121.2743139,25.0124223],[121.2741963,25.0124342],[121.2741289,25.0124319],[121.2740992,25.0124701],[121.2740863,25.0125097],[121.2741521,25.0126085],[121.2742315,25.0127587],[121.2742317,25.0128991],[121.2742266,25.0129495],[121.2742209,25.0130446],[121.2741689,25.0131443],[121.2739572,25.0138242],[121.2739511,25.013899],[121.2738951,25.0140028],[121.2737631,25.0143435],[121.2735544,25.0148373],[121.2735792,25.0148672],[121.2735137,25.0150536],[121.2735174,25.0152256],[121.2735122,25.015316],[121.2734195,25.0158144],[121.273296,25.0165283],[121.2732208,25.0167516],[121.2730072,25.0172604],[121.2728931,25.0175124],[121.2726885,25.0176313],[121.2724996,25.0176979],[121.2723107,25.0178833],[121.2720694,25.0179593],[121.2719435,25.0181733],[121.271892,25.0185061],[121.2719277,25.0194331],[121.2718552,25.0197314],[121.2716969,25.0205314],[121.2716163,25.0212255],[121.2715138,25.0214711],[121.2713928,25.0217527],[121.271378,25.0218046],[121.2713854,25.0219334],[121.2715081,25.0221649],[121.2715892,25.0222396],[121.2716979,25.0223162],[121.2736666,25.0234827],[121.274341,25.0236853],[121.2750025,25.0238437],[121.2750713,25.0239441],[121.2750626,25.0242178],[121.274897,25.0246566],[121.2747146,25.0253664],[121.2746679,25.0257313],[121.274655,25.0259149],[121.2747497,25.0262142],[121.2748302,25.0263283],[121.2749946,25.0264231],[121.2751465,25.0264695],[121.2753184,25.0263929],[121.2755385,25.0261813],[121.2757047,25.0259964],[121.2760257,25.0257874],[121.2762429,25.0257577],[121.2764543,25.0257517],[121.2766352,25.0257659],[121.276761,25.0258517],[121.2769687,25.0259431],[121.2774888,25.0262378],[121.2775692,25.0262783],[121.2776112,25.0263169],[121.2777265,25.0264143],[121.2779536,25.0265794],[121.2780564,25.0266784],[121.2782045,25.0268025],[121.2783879,25.0270038],[121.2784609,25.0270816],[121.2785053,25.0272053],[121.2785775,25.0274584],[121.2786109,25.0276604],[121.2786074,25.0278608],[121.2785888,25.0281032],[121.2785437,25.0283096],[121.2784411,25.0285008],[121.2783201,25.0287039],[121.2782444,25.02885],[121.2781164,25.0290533],[121.2779781,25.0292476],[121.277682,25.0296316],[121.2774672,25.0300126],[121.2773573,25.0302561],[121.2773386,25.0303314],[121.2773064,25.030414],[121.2778441,25.0304675],[121.27817,25.0304894],[121.2787645,25.0305337],[121.2796294,25.0306986],[121.2808321,25.0310687],[121.2814637,25.0312854],[121.2825471,25.0316391],[121.2827851,25.0317483],[121.282917,25.0318094],[121.283049,25.0317996],[121.283183,25.0317335],[121.2832241,25.0316986],[121.2834237,25.0316323],[121.2835419,25.0316217],[121.2835531,25.0316588],[121.283511,25.0317493],[121.2834939,25.031913],[121.2835093,25.0319861],[121.2835904,25.0320247],[121.2839236,25.0320932],[121.2842269,25.0321191],[121.2842825,25.03207],[121.2843122,25.0320013],[121.2843922,25.0316792],[121.2845057,25.0310105],[121.2845307,25.0307091],[121.2845972,25.0298066],[121.2846388,25.0296934],[121.2847165,25.0295252],[121.284824,25.0293114],[121.2850348,25.0289754],[121.2851292,25.0288598],[121.2852986,25.0286469],[121.2854636,25.0284631],[121.2855446,25.0284135],[121.2856601,25.0283909],[121.2858009,25.028414],[121.2859695,25.0284986],[121.2862343,25.0286479],[121.2864005,25.028712],[121.286573,25.0287324],[121.2867007,25.0287398],[121.2869123,25.0287227],[121.2869387,25.0286708],[121.2869654,25.0283923],[121.2870375,25.0283091],[121.2871625,25.0282391],[121.2872752,25.0282026],[121.2873942,25.0281798],[121.2874968,25.0281195],[121.2875631,25.0280271],[121.2874009,25.0276737],[121.2872963,25.0274726],[121.2872722,25.0273036],[121.287244,25.0271266],[121.2873124,25.0268451],[121.2874411,25.026656],[121.2875859,25.0265273],[121.2877508,25.0264589],[121.287964,25.0264187],[121.2882536,25.0264026],[121.2883985,25.0263624],[121.2886157,25.0263101],[121.2887645,25.0263463],[121.2889777,25.0265353],[121.2900598,25.0278225],[121.2903163,25.0280075],[121.2905991,25.0282601],[121.2915734,25.0287277],[121.29186,25.0289123],[121.2919596,25.0289564],[121.2920552,25.0289391],[121.2923072,25.0288052],[121.2923871,25.0287859],[121.2924501,25.0288139],[121.2925212,25.0289214],[121.2927816,25.0295007],[121.2931139,25.0301227],[121.2932537,25.030343],[121.2933975,25.0304806],[121.2935138,25.0306076],[121.2935971,25.0306851],[121.2938215,25.0306604],[121.2942419,25.0307732],[121.2943313,25.0308691],[121.2944067,25.0309385],[121.2944957,25.0310435],[121.2946013,25.0310899],[121.2957921,25.0313022],[121.2960603,25.0316958],[121.2961918,25.0322515],[121.2963337,25.0323705],[121.2975756,25.0325358],[121.2990212,25.0327585],[121.3001406,25.0329193],[121.3004709,25.032963],[121.3013981,25.0331375],[121.3016224,25.0331832],[121.3019659,25.0331628],[121.3025158,25.0331443],[121.3024883,25.0332018],[121.3024749,25.0332771],[121.3024251,25.0334012],[121.3023611,25.0336126],[121.3022986,25.0338171],[121.3021944,25.0342768],[121.3021071,25.0346643],[121.3019229,25.0351933],[121.3016222,25.0358802],[121.3015585,25.0360911],[121.3015344,25.0362715],[121.3015258,25.0364311],[121.3015017,25.0365144],[121.301456,25.036763],[121.3012488,25.0370915],[121.3011803,25.0372354],[121.301134,25.0373241],[121.3010557,25.0374807],[121.3009796,25.0375953],[121.3008421,25.0378064],[121.3008236,25.0378769],[121.3007539,25.0380049],[121.3006281,25.0381368],[121.3005541,25.0382034],[121.3004336,25.0382637],[121.3003878,25.0382978],[121.3002681,25.0385278],[121.3001942,25.0387273],[121.2996678,25.0395406],[121.2994905,25.0398504],[121.2994739,25.0399554],[121.299489,25.0401645],[121.2994823,25.040319],[121.2994049,25.0404721],[121.2992465,25.0406972],[121.2990339,25.0408711],[121.2988208,25.0411606],[121.298633,25.0414664],[121.2981961,25.042139],[121.2979652,25.0425835],[121.2977218,25.0430586],[121.2975927,25.043421],[121.2974676,25.0438608],[121.2975002,25.0440366],[121.2975612,25.0440001],[121.2975302,25.0443266],[121.2975411,25.0443762],[121.2971775,25.0446424],[121.2970692,25.0447527],[121.2968869,25.04499],[121.2967692,25.0451218],[121.2967217,25.0452595],[121.2966712,25.0454114],[121.2966453,25.045716],[121.2966382,25.0460985],[121.2965823,25.046269],[121.2965467,25.0464303],[121.2964266,25.0465819],[121.2963092,25.0467071],[121.2961157,25.0468387],[121.2959287,25.0469665],[121.2957722,25.0470668],[121.2956814,25.0472104],[121.2956668,25.0473644],[121.2957142,25.047845],[121.2956531,25.0479318],[121.2954685,25.0482481],[121.2951837,25.0484962],[121.2951053,25.0485124],[121.294741,25.048431],[121.2946978,25.0484704],[121.2947403,25.0485315],[121.294601,25.0485804],[121.294511,25.0486945],[121.2942904,25.0489188],[121.2940292,25.0492413],[121.2938189,25.0494901],[121.293677,25.0496355],[121.293609,25.0497233],[121.2935945,25.0498155],[121.2936378,25.0498654],[121.2937805,25.0498689],[121.2943199,25.0497114],[121.2945146,25.0496828],[121.2949357,25.04967],[121.2951651,25.0496436],[121.2954431,25.0496058],[121.2957456,25.0495813],[121.2962035,25.0494252],[121.2968368,25.0491706],[121.2972523,25.0490622],[121.297475,25.0489688],[121.2981252,25.048909],[121.298557,25.0488618],[121.2988272,25.0488089],[121.2994979,25.04847],[121.2998915,25.0482878],[121.3003526,25.0481198],[121.3010711,25.0479202],[121.301334,25.0478798],[121.301629,25.0478584],[121.30183,25.0477816],[121.3022347,25.0476576],[121.3026581,25.0473834],[121.3029021,25.0473312],[121.3031777,25.0475745],[121.303363,25.0476061],[121.3035923,25.0477455],[121.3039433,25.0479271],[121.3048843,25.0482332],[121.305997,25.048587],[121.3063803,25.049174],[121.3076287,25.049204],[121.3079177,25.049567],[121.3080416,25.0508228],[121.3083475,25.0511187],[121.3096941,25.0512796],[121.3115752,25.0513078],[121.3149873,25.0510358],[121.3156513,25.0510594],[121.3162074,25.051208],[121.3167066,25.0518648],[121.3181527,25.0526396],[121.3190275,25.0525752],[121.3208894,25.0541891],[121.3214803,25.0541187],[121.3219002,25.0540482],[121.3225377,25.0547103],[121.3223356,25.0550484],[121.3239528,25.0566965],[121.3237195,25.0570205],[121.3237662,25.0576403],[121.3241218,25.0579451],[121.3248179,25.058456],[121.3256166,25.0587358],[121.3263373,25.0591719],[121.3274711,25.0597437],[121.3283343,25.0601548],[121.3291413,25.0607302],[121.3297149,25.0609331],[121.3303673,25.0608791],[121.3306114,25.0608621],[121.3311963,25.061066],[121.3322167,25.0615211],[121.3327274,25.0619582],[121.3338423,25.062346],[121.3342397,25.0624842],[121.3352463,25.0626533],[121.3363073,25.0627947],[121.3381953,25.0633366],[121.3418329,25.0649466],[121.342266,25.0651846],[121.3429626,25.0653059],[121.3447996,25.0656216],[121.3456602,25.0656998],[121.3469397,25.0657721],[121.3483766,25.0657324],[121.3497579,25.0657516],[121.3511054,25.0656672],[121.3534331,25.0654673],[121.3548906,25.065378],[121.3549396,25.0658805],[121.3550718,25.067035],[121.3549489,25.0672593],[121.3544254,25.0674902],[121.3537758,25.0678263],[121.3537843,25.0685604],[121.3532919,25.0687279],[121.3522828,25.068771],[121.3522987,25.0679311],[121.3514082,25.0681721],[121.3508206,25.0687794],[121.3500505,25.069508],[121.3488895,25.0699164],[121.3481395,25.0697796],[121.347625,25.069874],[121.3464934,25.0702613],[121.3464084,25.0703419],[121.3472129,25.0705231],[121.3479905,25.0708108],[121.3482602,25.0711225],[121.3486675,25.072189],[121.348904,25.0723943],[121.3489289,25.0717286],[121.3491826,25.0714436],[121.3498062,25.07128],[121.3501208,25.0714482],[121.3505034,25.0720207],[121.3504658,25.0725601],[121.3505539,25.0729055],[121.3509254,25.0730414],[121.3513144,25.0733292],[121.3518611,25.0736218],[121.3521273,25.0736084],[121.3527101,25.07331],[121.3530775,25.0732124],[121.3534362,25.07331],[121.3530433,25.0736697],[121.3525649,25.0738909],[121.3519695,25.0741817],[121.3518843,25.0743239],[121.3517393,25.0744992],[121.3513245,25.0742475],[121.3509371,25.0738301],[121.3501009,25.073517],[121.3498547,25.073598],[121.3500196,25.07408],[121.3501197,25.0746041],[121.3500432,25.0747436],[121.3503612,25.0752165],[121.350116,25.0758934],[121.3498814,25.0766839],[121.3496527,25.0763458],[121.3495715,25.0759955],[121.3490718,25.0747521],[121.3487081,25.0742174],[121.3482625,25.0739019],[121.3466553,25.0736306],[121.3448336,25.0733759],[121.342384,25.072758],[121.3418752,25.0725851],[121.3416532,25.0725763],[121.3418298,25.0727744],[121.3419843,25.0729308],[121.3426882,25.0732456],[121.3425846,25.07351],[121.3424221,25.0736041],[121.3419764,25.0735865],[121.3412249,25.0734252],[121.3408304,25.0734904],[121.3406075,25.0736978],[121.3404488,25.0743216],[121.3405202,25.0750174],[121.3406214,25.0756301],[121.340367,25.0761568],[121.3401853,25.0763543],[121.3402034,25.0765353],[121.3404124,25.0765929],[121.3406577,25.0764695],[121.3409576,25.0758276],[121.3411029,25.0757453],[121.3412029,25.0758111],[121.3412029,25.0761485],[121.3411665,25.0765106],[121.3415027,25.076741],[121.3428383,25.0752597],[121.3429928,25.0754243],[121.3435904,25.0751588],[121.343756,25.0751198],[121.3440558,25.0751939],[121.3444118,25.0750831],[121.3446646,25.0751198],[121.3447373,25.0753009],[121.3461871,25.0755314],[121.3461503,25.0757138],[121.3445224,25.0759558],[121.3441148,25.077123],[121.3441921,25.0776134],[121.3443829,25.077959],[121.3446464,25.0775804],[121.3449758,25.077159],[121.3450734,25.0770126],[121.3454278,25.0770126],[121.3461546,25.0768316],[121.3465362,25.0769303],[121.3465181,25.0772101],[121.3457078,25.0772779],[121.3455269,25.077512],[121.3452461,25.077959],[121.3451098,25.0782635],[121.3452551,25.0785597],[121.3459093,25.0786832],[121.3466816,25.0783787],[121.3479864,25.0788164],[121.3478713,25.0789505],[121.3478264,25.0791851],[121.3465453,25.0795225],[121.3463364,25.0794567],[121.3462166,25.0790973],[121.3458721,25.0792478],[121.3459093,25.0793909],[121.3446827,25.0796295],[121.3438718,25.0796135],[121.3426547,25.0798972],[121.3426021,25.0800163],[121.3448645,25.0804936],[121.3458185,25.0806335],[121.3467275,25.0806252],[121.3479708,25.0808841],[121.3487931,25.0810819],[121.3490308,25.0811168],[121.34923,25.0810237],[121.3492685,25.0807561],[121.3494484,25.0806921],[121.3502451,25.0811925],[121.3501616,25.0815998],[121.3499786,25.0818271],[121.3492107,25.0824469],[121.3487952,25.0823599],[121.3481642,25.0823801],[121.3476121,25.0827262],[121.3467822,25.0831219],[121.3468593,25.0835641],[121.346114,25.0837154],[121.3456515,25.0835758],[121.3444693,25.0835641],[121.3442124,25.0835874],[121.3438397,25.0842158],[121.3435827,25.0842158],[121.3432872,25.0839249],[121.3426066,25.0840534],[121.341822,25.0840411],[121.3413672,25.0840556],[121.3405151,25.0839365],[121.3401653,25.0838818],[121.3392632,25.0836912],[121.3387793,25.0836293],[121.3386189,25.083646],[121.3384611,25.0836864],[121.338227,25.0837746],[121.3378509,25.0840128],[121.3375537,25.0842129],[121.3373249,25.0843891],[121.3370645,25.0846035],[121.3368147,25.0848441],[121.3365725,25.0850629],[121.3364008,25.0851818],[121.3362521,25.0852711],[121.3358448,25.0854883],[121.335392,25.0856795],[121.3352952,25.085698],[121.3351651,25.0857502],[121.3351316,25.0857494],[121.3350721,25.0857671],[121.3348294,25.0858555],[121.3344909,25.0860357],[121.3343477,25.0860963],[121.3334627,25.0866064],[121.3333975,25.0866179],[121.333266,25.0866388],[121.3331687,25.0866419],[121.3330594,25.0866067],[121.3329143,25.0865963],[121.3327653,25.0866331],[121.3318571,25.0873019],[121.3311941,25.0879402],[121.3309329,25.0881066],[121.3301673,25.0882213],[121.3297698,25.0887776],[121.3293071,25.0895169],[121.3284977,25.0904999],[121.32773,25.0912],[121.3267631,25.0917566],[121.325787,25.0919465],[121.3252507,25.0924144],[121.3251205,25.0925007],[121.3248918,25.0925929],[121.3247161,25.0926177],[121.3244497,25.0926012],[121.3210574,25.0925926],[121.3206164,25.0926872],[121.3202279,25.0928236],[121.3195882,25.0931478],[121.3194786,25.0931857],[121.3193977,25.0931448],[121.3191853,25.0929524],[121.3191164,25.0929305],[121.3189486,25.092936],[121.3182906,25.0929983],[121.3179767,25.0931022],[121.31767,25.093217],[121.3173755,25.0934816],[121.3173103,25.0936336],[121.3172934,25.093732],[121.3172257,25.0938522],[121.3171412,25.0939528],[121.3170434,25.0939856],[121.315945,25.0941413],[121.3157202,25.0942185],[121.3155403,25.094329],[121.3154256,25.0944645],[121.3153351,25.0945761],[121.3152264,25.094669],[121.3151165,25.0947116],[121.3147785,25.0947455],[121.3144766,25.0947324],[121.3143306,25.0947696],[121.313949,25.0949336],[121.3133943,25.0953856],[121.312918,25.0955612],[121.3123648,25.0955791],[121.3121225,25.0956749],[121.3117148,25.0957769],[121.3113582,25.0959345],[121.3111825,25.0960596],[121.3107577,25.0964381],[121.3105444,25.0965401],[121.3104131,25.0965432],[121.310251,25.0965015],[121.3099763,25.0963624],[121.3097818,25.0962836],[121.3095225,25.0962265],[121.3092903,25.0962334],[121.3091256,25.0962852],[121.30843,25.0966],[121.308291,25.0966226],[121.3073163,25.0967231],[121.306894,25.0967646],[121.3057987,25.0966903],[121.3056394,25.0967581],[121.3052703,25.096745],[121.3050661,25.0966265],[121.30476,25.0964319],[121.3046357,25.0963779],[121.3044934,25.0963593],[121.3043317,25.0963856],[121.3039915,25.0965057],[121.3033932,25.0967144],[121.3031338,25.0967067],[121.3028503,25.0967668],[121.3026827,25.0968455],[121.302597,25.0969296],[121.3025729,25.0969973],[121.3025138,25.0970487],[121.3024341,25.0971688],[121.3021893,25.0973753],[121.3020976,25.0974802],[121.3015843,25.0979758],[121.3013742,25.0984365],[121.3013334,25.0992598],[121.3011993,25.1002871],[121.30128,25.10041],[121.3015051,25.100982],[121.3012249,25.101693],[121.3008904,25.1018954],[121.3003971,25.1020002],[121.3000171,25.1022091],[121.3000036,25.1024795],[121.3000014,25.1029641],[121.2997804,25.1035501],[121.29897,25.10422],[121.297998,25.1044875],[121.29713,25.10407],[121.2962989,25.1034304],[121.2954539,25.1029633],[121.2938669,25.1030255],[121.2930896,25.1025444],[121.291898,25.1025979],[121.2916505,25.1026258],[121.2912511,25.1037698],[121.290688,25.1048826],[121.2906287,25.1055429],[121.2902242,25.1068844],[121.28918,25.10693],[121.2880075,25.1068387],[121.2875895,25.1067482],[121.2872806,25.1068058],[121.2870081,25.106961],[121.2863443,25.1074811],[121.2855316,25.1083607],[121.2852045,25.108661],[121.2846602,25.108871],[121.28364,25.10901],[121.28303,25.10926],[121.28281,25.10946],[121.2827,25.10966],[121.2826336,25.109952],[121.2827423,25.1103599],[121.2831738,25.1107301],[121.2832147,25.1108865],[121.2830763,25.1110904],[121.2836018,25.1117475],[121.2838773,25.1122516],[121.2839565,25.1126479],[121.2837739,25.1132718],[121.2837462,25.1138399],[121.2838057,25.1143965],[121.2835985,25.1152923],[121.2835233,25.1160718],[121.2837152,25.1170321],[121.2833991,25.1178122]]]}},{"type":"Feature","properties":{"name":"桃園區"},"geometry":{"type":"Polygon","coordinates":[[[121.2741863,24.9927657],[121.2743228,24.9918664],[121.2746274,24.9908824],[121.2748616,24.9903243],[121.274883,24.9901885],[121.2748566,24.9900803],[121.2747234,24.9898603],[121.2745531,24.9896756],[121.2745088,24.9896124],[121.2742259,24.9887416],[121.2740622,24.9882364],[121.2738575,24.9882182],[121.2737766,24.9883321],[121.2735991,24.9885991],[121.2733972,24.9888146],[121.2734249,24.9890955],[121.2734253,24.989234],[121.2733848,24.9893785],[121.2732982,24.9895043],[121.2730345,24.9896472],[121.2729481,24.9897549],[121.272944,24.9898669],[121.2730191,24.9899981],[121.2731061,24.9901751],[121.2731354,24.9903432],[121.2730886,24.990394],[121.2730067,24.9904335],[121.2728795,24.9904579],[121.2724502,24.9903988],[121.2723121,24.9903757],[121.2722491,24.9903782],[121.2722268,24.9903938],[121.2721914,24.9904487],[121.2721552,24.9905483],[121.2721216,24.9905858],[121.2720707,24.9906067],[121.2718548,24.9906358],[121.2713794,24.9907112],[121.2712432,24.9907136],[121.2712271,24.9906977],[121.2712358,24.9906536],[121.2713546,24.990541],[121.2714337,24.9904888],[121.2714652,24.9904499],[121.2714625,24.9904377],[121.271415,24.9904349],[121.2710918,24.9905133],[121.2709023,24.9904806],[121.2706313,24.9903695],[121.2701887,24.9901435],[121.2697446,24.9898965],[121.2695391,24.98973],[121.2692631,24.9896083],[121.2686774,24.9893413],[121.2684568,24.9892217],[121.2683511,24.9889996],[121.2683029,24.9891086],[121.2682207,24.989396],[121.2681502,24.989758],[121.2680781,24.9899175],[121.267933,24.9899389],[121.2676334,24.9898697],[121.2672693,24.9897952],[121.2672486,24.9896874],[121.2657879,24.9894915],[121.2652759,24.9894915],[121.2647526,24.9896053],[121.2645591,24.9897191],[121.2642178,24.989537],[121.2639903,24.989355],[121.2624885,24.9884562],[121.2614873,24.9878987],[121.2605315,24.9873071],[121.2599627,24.9869999],[121.2598082,24.9870714],[121.2597726,24.9866174],[121.2596228,24.9863384],[121.2596346,24.9861942],[121.2597689,24.9857749],[121.2598735,24.9854963],[121.2600942,24.9850715],[121.2602632,24.9848187],[121.2603856,24.9846596],[121.2603587,24.9844721],[121.2603393,24.9843821],[121.2603774,24.9843513],[121.2605304,24.9840617],[121.2605984,24.9838263],[121.2606303,24.9836236],[121.2608201,24.9834217],[121.2609183,24.9833001],[121.2609455,24.9830076],[121.2610101,24.9828581],[121.2611159,24.98272],[121.2615751,24.9823003],[121.2616554,24.9821277],[121.2618936,24.9810043],[121.2619406,24.9806456],[121.2620036,24.9801646],[121.2622371,24.9787674],[121.2625079,24.9773387],[121.262645,24.9770965],[121.2629874,24.9762298],[121.2632694,24.9757351],[121.2636035,24.9756122],[121.2636813,24.9754841],[121.2636392,24.9750273],[121.2637545,24.9744493],[121.2639082,24.9742368],[121.2639999,24.9741014],[121.2640656,24.9738356],[121.2638812,24.9736133],[121.2636365,24.9733898],[121.263621,24.9733423],[121.2636371,24.9732607],[121.2638185,24.9732678],[121.2639453,24.9732954],[121.2640113,24.973346],[121.2642091,24.9734733],[121.2649801,24.9736135],[121.2651036,24.9736768],[121.2650768,24.9738005],[121.2650099,24.9741008],[121.2650869,24.9743207],[121.2652521,24.9744588],[121.2654459,24.9745272],[121.2656726,24.9747656],[121.2663384,24.9752124],[121.2668118,24.9754431],[121.2669217,24.975656],[121.2672098,24.9759551],[121.2674947,24.976084],[121.2682471,24.9765536],[121.2692132,24.977057],[121.2696717,24.9773724],[121.2699273,24.9775131],[121.269776,24.9778221],[121.2703873,24.9780636],[121.2708303,24.978276],[121.2709951,24.9781332],[121.2721244,24.9788007],[121.2744512,24.9804297],[121.2747442,24.9806612],[121.2745913,24.9807655],[121.2747548,24.9809194],[121.2748598,24.9811852],[121.2754602,24.9818382],[121.2756146,24.9821443],[121.2756819,24.982482],[121.2758214,24.9826225],[121.2764287,24.9832047],[121.2768576,24.9835481],[121.2771571,24.9838095],[121.2772797,24.9839071],[121.2774003,24.9840032],[121.2775016,24.9840838],[121.2776367,24.9841914],[121.2781392,24.9847127],[121.2785048,24.9849304],[121.2790237,24.9853589],[121.2795852,24.9857281],[121.2799242,24.9859051],[121.2800705,24.9859152],[121.2804953,24.9860043],[121.2808749,24.98603],[121.2807262,24.9861159],[121.2808938,24.9863279],[121.2809751,24.9862971],[121.2810524,24.9863403],[121.2812367,24.9861743],[121.281566,24.9864779],[121.2819942,24.9867172],[121.2822534,24.9868586],[121.282674,24.9870489],[121.2828048,24.9868066],[121.2830392,24.9864161],[121.2832975,24.9860224],[121.2833038,24.9858776],[121.283353,24.9856088],[121.2832539,24.9851924],[121.2831044,24.9850244],[121.2829537,24.9849008],[121.2829098,24.984659],[121.2828032,24.9844391],[121.2826775,24.9842918],[121.2825004,24.9841211],[121.2820968,24.9839506],[121.2819737,24.9838831],[121.2819586,24.9837642],[121.2819953,24.9835334],[121.282267,24.9832426],[121.2823819,24.9831339],[121.2824935,24.9829351],[121.2825436,24.9827038],[121.2825763,24.9822095],[121.2825081,24.9818879],[121.2825263,24.981609],[121.2825315,24.9814674],[121.2824454,24.9812266],[121.2820493,24.9807985],[121.2818085,24.9805327],[121.2816501,24.9803045],[121.2815435,24.9800625],[121.2814734,24.9797908],[121.2814807,24.9796199],[121.2815763,24.9794583],[121.2818327,24.979237],[121.2821144,24.9789732],[121.2822438,24.9787898],[121.2823444,24.978503],[121.2823084,24.9781617],[121.2822123,24.9780607],[121.2820486,24.9778063],[121.281821,24.9775122],[121.2817799,24.9773898],[121.2817179,24.9772098],[121.2816652,24.9765866],[121.2814569,24.9763091],[121.2814099,24.9762027],[121.2813335,24.9761228],[121.281175,24.9758513],[121.2810881,24.9755903],[121.2810399,24.9752551],[121.2811235,24.9750047],[121.2814275,24.9742862],[121.2817226,24.9738079],[121.2827082,24.9728386],[121.2831241,24.9720685],[121.2836297,24.9714754],[121.2839175,24.9708356],[121.2840979,24.9701806],[121.2841633,24.9701171],[121.2842781,24.9700997],[121.284433,24.9700987],[121.2846638,24.9701171],[121.2848744,24.9701188],[121.2850258,24.9701305],[121.2852419,24.9701339],[121.2853878,24.9701473],[121.2855836,24.9701506],[121.2857129,24.9701473],[121.2859327,24.9701657],[121.2863002,24.970226],[121.2864186,24.970259],[121.2866714,24.9703381],[121.2867915,24.9703884],[121.2868506,24.9704185],[121.287002,24.9704771],[121.2871243,24.9705125],[121.2871886,24.9705508],[121.2872643,24.9706043],[121.2872938,24.9706043],[121.2873086,24.9705826],[121.2873105,24.9705524],[121.2873123,24.9704302],[121.2873161,24.9703267],[121.2873471,24.9701545],[121.2876868,24.969141],[121.2877272,24.968869],[121.2877196,24.9685444],[121.2877344,24.968071],[121.2878532,24.9677325],[121.2880357,24.9672092],[121.2881116,24.9668388],[121.2882012,24.966182],[121.2883869,24.9654371],[121.2885025,24.9650201],[121.2886429,24.9648687],[121.2888081,24.9647854],[121.2891962,24.9646603],[121.2894659,24.9645161],[121.2896696,24.9643007],[121.2899452,24.9639457],[121.2904391,24.9632379],[121.290599,24.9630964],[121.2907984,24.9630079],[121.2910318,24.9629117],[121.291104,24.962804],[121.2911761,24.9624385],[121.2912721,24.9619882],[121.2912873,24.9619735],[121.2913421,24.9619224],[121.2921568,24.9619129],[121.2926578,24.9618198],[121.293835,24.9616021],[121.2938365,24.9616107],[121.293999,24.9615671],[121.2941717,24.9615094],[121.2943195,24.9614541],[121.294554,24.9613704],[121.2947387,24.9613135],[121.2948717,24.9612582],[121.2949567,24.9612314],[121.2950877,24.9611735],[121.2951229,24.9611677],[121.295182,24.9612137],[121.2953587,24.9614583],[121.2954165,24.9615474],[121.2954006,24.9616441],[121.2954006,24.961773],[121.2953442,24.9620575],[121.295346,24.9621955],[121.2953349,24.9623735],[121.2953094,24.9625049],[121.2953228,24.9628818],[121.295309,24.9631894],[121.2953737,24.9631931],[121.2954314,24.9632137],[121.2955306,24.9632137],[121.295587,24.9633219],[121.2956174,24.9633445],[121.2956674,24.9633414],[121.2957358,24.963294],[121.2958914,24.963249],[121.2959428,24.9632391],[121.2959716,24.9632652],[121.2960443,24.9634083],[121.2960684,24.9634861],[121.2960532,24.9636161],[121.2958817,24.9637924],[121.2957456,24.9638563],[121.2955756,24.9638929],[121.2955158,24.9638931],[121.2954488,24.9639101],[121.2953751,24.9639297],[121.2953463,24.9639678],[121.2953529,24.9640229],[121.2953327,24.9640886],[121.2953339,24.9641511],[121.2953051,24.9642011],[121.2953067,24.9642385],[121.2953132,24.9643869],[121.2953317,24.9643827],[121.2953279,24.96443],[121.2952608,24.9652617],[121.2951821,24.9653853],[121.2950249,24.9654821],[121.2949445,24.9658214],[121.2948308,24.966254],[121.2947949,24.9663188],[121.2945689,24.9666625],[121.294315,24.966966],[121.2938981,24.967415],[121.2936727,24.9676202],[121.2936764,24.9677232],[121.2937161,24.9678768],[121.2937243,24.9687123],[121.2939402,24.9687195],[121.294106,24.9688129],[121.2941174,24.9690346],[121.2942359,24.9694101],[121.2943094,24.969466],[121.2944689,24.9700996],[121.2947353,24.9706048],[121.2949019,24.9709412],[121.2948764,24.9716162],[121.2949312,24.9717813],[121.2951268,24.9720061],[121.2950174,24.9722113],[121.2950088,24.9723748],[121.2949959,24.9726156],[121.2951077,24.9727145],[121.2950862,24.9728521],[121.2949787,24.9729596],[121.2949529,24.973123],[121.2949701,24.9732606],[121.295069,24.9732993],[121.2955178,24.9736824],[121.2956148,24.9745608],[121.2955517,24.9747995],[121.2955826,24.975163],[121.2957188,24.9754336],[121.296022,24.9759273],[121.2962407,24.9763002],[121.2963422,24.9764791],[121.2965428,24.9766214],[121.2970811,24.9764039],[121.297059,24.9763312],[121.2974443,24.9762267],[121.2975474,24.9763066],[121.297641,24.9764591],[121.2977601,24.9765978],[121.2979487,24.9766284],[121.2983838,24.9764707],[121.2992142,24.9762502],[121.2995431,24.9762089],[121.2998353,24.9771696],[121.3000629,24.9777704],[121.300136,24.9778714],[121.3002942,24.9781681],[121.3005745,24.9791615],[121.301698,24.9788074],[121.3020332,24.9790671],[121.3024623,24.9787357],[121.3028941,24.9785739],[121.3034721,24.9785084],[121.3038547,24.9783808],[121.303511,24.977791],[121.3031571,24.9771848],[121.3028842,24.9767161],[121.3026784,24.9763573],[121.3025693,24.9761722],[121.3025047,24.9760113],[121.3024933,24.9758489],[121.3024611,24.9756745],[121.302411,24.9753568],[121.3023744,24.9752249],[121.3023808,24.9748499],[121.3023717,24.9746776],[121.3023984,24.9743384],[121.3028693,24.9743453],[121.303382,24.9742409],[121.3034185,24.9741371],[121.3039162,24.9739287],[121.3043389,24.9736346],[121.3046294,24.9733546],[121.3050292,24.9730847],[121.3052462,24.9729645],[121.305445,24.9730044],[121.3055984,24.9732329],[121.3058863,24.9735312],[121.306109,24.9737956],[121.3068919,24.9737053],[121.3071721,24.9736376],[121.307626,24.9728153],[121.3077276,24.9727942],[121.3077833,24.9730521],[121.3078733,24.9732437],[121.3078958,24.9735073],[121.3081298,24.9734385],[121.3080432,24.9735938],[121.3087189,24.9746243],[121.309235,24.9754879],[121.309332,24.9754521],[121.3098195,24.9753198],[121.3102937,24.9751815],[121.3105549,24.9751064],[121.3107936,24.9750444],[121.3107402,24.9748713],[121.3106644,24.9745944],[121.3105548,24.9742743],[121.310458,24.9739562],[121.3105256,24.9736821],[121.3104582,24.9734599],[121.3103599,24.9730064],[121.3104339,24.9727465],[121.3109497,24.9725043],[121.3112686,24.9723404],[121.3114644,24.972235],[121.3117959,24.9719135],[121.3119673,24.9721688],[121.3121413,24.9723539],[121.3124394,24.9725846],[121.3126598,24.9727002],[121.3131741,24.9723195],[121.3134501,24.9720045],[121.3135301,24.9720441],[121.31373,24.9720324],[121.3138722,24.9719532],[121.3140798,24.9718376],[121.3142843,24.971656],[121.3144124,24.9714952],[121.314246,24.971194],[121.3142895,24.9710336],[121.3144638,24.9709289],[121.3147152,24.9711543],[121.3148388,24.9712597],[121.315057,24.971932],[121.3151105,24.9720141],[121.3157685,24.9719062],[121.3161838,24.9718455],[121.3164309,24.9717853],[121.3168863,24.9717065],[121.3172399,24.9716639],[121.3172966,24.971526],[121.3172442,24.9712795],[121.3171663,24.9709135],[121.3172123,24.9708454],[121.3173051,24.970825],[121.3175082,24.9708902],[121.3176635,24.9709305],[121.3177832,24.9709774],[121.3179448,24.9709926],[121.318032,24.9709627],[121.3181406,24.9708762],[121.3182733,24.9706527],[121.31832,24.9706468],[121.3184028,24.9709298],[121.3184568,24.9710487],[121.3184722,24.97134],[121.3185699,24.9715334],[121.3186007,24.9718597],[121.3184259,24.9722185],[121.3184481,24.9722933],[121.318706,24.9725454],[121.3187945,24.9725694],[121.3190886,24.9724794],[121.3191378,24.9724428],[121.3193423,24.9722824],[121.3199232,24.9718174],[121.3203612,24.9713271],[121.320383,24.9711885],[121.3201547,24.9709377],[121.3202103,24.9706853],[121.3201405,24.9703333],[121.3202421,24.9701884],[121.3203043,24.9700832],[121.3204465,24.9700653],[121.3206168,24.9701114],[121.3204845,24.9704041],[121.3205428,24.9705647],[121.3210734,24.970808],[121.3216195,24.970882],[121.321843,24.9710015],[121.3221037,24.9709763],[121.3224437,24.9708794],[121.3226533,24.9707173],[121.3232858,24.9703508],[121.3233304,24.9703881],[121.3233178,24.9708576],[121.3239611,24.9709446],[121.3239743,24.9710242],[121.3240297,24.9711195],[121.3239888,24.9711911],[121.3240283,24.9712328],[121.3240161,24.9712982],[121.3239697,24.9714099],[121.3239579,24.971491],[121.3238847,24.971463],[121.3238002,24.9714453],[121.3236951,24.9717495],[121.3236357,24.9719922],[121.3237215,24.9720276],[121.3238008,24.9720692],[121.323802,24.9721536],[121.323795,24.9722344],[121.3237583,24.9722958],[121.3237319,24.9723786],[121.3237066,24.9724932],[121.3236732,24.9726457],[121.3236641,24.9727327],[121.3236735,24.972828],[121.3238901,24.9729468],[121.3243848,24.973188],[121.3251631,24.9734952],[121.3275796,24.9748564],[121.3276188,24.9749017],[121.3274021,24.9751865],[121.3273704,24.9753209],[121.3274255,24.9754699],[121.3275673,24.9755941],[121.327861,24.9758495],[121.328587,24.9762661],[121.3285482,24.9763863],[121.3280254,24.9769028],[121.327745,24.9771771],[121.3273721,24.9773693],[121.3271842,24.9775526],[121.3270766,24.9778499],[121.3270785,24.9780508],[121.327213,24.9783043],[121.3273639,24.9784298],[121.3279024,24.9786211],[121.3280495,24.9785255],[121.3282863,24.9785488],[121.3284019,24.978409],[121.3285173,24.9783949],[121.3290726,24.9787073],[121.3297966,24.9790579],[121.3272751,24.9823724],[121.3254997,24.9813362],[121.3235845,24.9839719],[121.3219063,24.9862715],[121.3218654,24.9863533],[121.3212916,24.9871136],[121.3211989,24.987417],[121.3211148,24.9875689],[121.321093,24.9877028],[121.3211627,24.9877887],[121.3212343,24.9878499],[121.3216306,24.9879883],[121.321725,24.988019],[121.3218611,24.9880348],[121.3219486,24.9881107],[121.3219441,24.9881818],[121.3216778,24.9884105],[121.3215841,24.9884543],[121.3215437,24.988522],[121.3217474,24.9886976],[121.3218911,24.9888192],[121.3220842,24.9891122],[121.3221797,24.9892793],[121.3221742,24.9893483],[121.3221073,24.9894957],[121.3219882,24.9896893],[121.3216681,24.9902067],[121.321608,24.9903599],[121.3213985,24.9908437],[121.3214526,24.9909949],[121.321981,24.9911894],[121.322213,24.9912986],[121.3226814,24.9918359],[121.3226229,24.9919557],[121.322765,24.9920022],[121.3230181,24.9921214],[121.32339,24.9922502],[121.3228106,24.9935376],[121.3228127,24.9936212],[121.3228583,24.9937233],[121.3230276,24.9938672],[121.3231963,24.9941074],[121.3233151,24.9943747],[121.3234323,24.9947541],[121.3235182,24.995267],[121.3235926,24.9953546],[121.323838,24.9954765],[121.3242294,24.9955713],[121.324704,24.9956591],[121.3253386,24.9957613],[121.3257524,24.995797],[121.3259912,24.9958128],[121.3262098,24.9958565],[121.3263957,24.9959141],[121.3268485,24.9961257],[121.3269361,24.9962126],[121.3273411,24.9967393],[121.3277833,24.9973389],[121.3278782,24.9975496],[121.3281527,24.9978128],[121.3285634,24.9978934],[121.3289269,24.9980052],[121.3289389,24.9983074],[121.3290328,24.9985099],[121.3291722,24.9989767],[121.3293089,24.9993376],[121.3294926,24.9997878],[121.3296265,24.999921],[121.3297516,24.9999952],[121.3298911,25.0000851],[121.3299663,25.0002186],[121.3300762,25.0003841],[121.330103,25.0004984],[121.330101,25.0007084],[121.3300661,25.0008244],[121.3300533,25.000972],[121.3300937,25.0012197],[121.3302129,25.0014859],[121.33026,25.0016075],[121.3303172,25.0017797],[121.3303933,25.0019117],[121.3304745,25.0020055],[121.3306639,25.0021504],[121.3307346,25.0022207],[121.3307856,25.00229],[121.3312013,25.0027367],[121.3312788,25.0032913],[121.3313454,25.0037233],[121.3314129,25.003861],[121.3315004,25.0041325],[121.3316391,25.0043281],[121.3320583,25.0046479],[121.3321923,25.004802],[121.3322327,25.0048861],[121.3322192,25.0050781],[121.3321441,25.0052677],[121.3320311,25.005408],[121.3320315,25.0054816],[121.3317279,25.0056321],[121.3314897,25.0056664],[121.3314233,25.0057211],[121.3314468,25.0058641],[121.3314866,25.0062777],[121.3313556,25.0067262],[121.3312858,25.0072464],[121.3312479,25.0078599],[121.3313782,25.0083907],[121.3314112,25.0085055],[121.3314146,25.0085967],[121.3314504,25.0087912],[121.3314554,25.0091153],[121.3314694,25.0093741],[121.3315245,25.0095191],[121.3315594,25.0096091],[121.3315943,25.0096966],[121.3316971,25.0098242],[121.3319752,25.0101284],[121.332184,25.0102889],[121.3323898,25.0104429],[121.332407,25.010523],[121.3323861,25.0106167],[121.3322764,25.0107237],[121.3321049,25.0108799],[121.3319692,25.0110339],[121.3318404,25.0112448],[121.3317999,25.0114241],[121.3317311,25.0115415],[121.3316333,25.0116545],[121.3315143,25.0117483],[121.3313147,25.0118992],[121.3310899,25.0120492],[121.3308595,25.012168],[121.3306182,25.0123527],[121.330371,25.012664],[121.3301416,25.0128283],[121.3298945,25.0129661],[121.3297343,25.0130772],[121.3296844,25.0131639],[121.3295889,25.0132919],[121.329581,25.0135711],[121.3296203,25.0136909],[121.3297001,25.0140995],[121.3298186,25.0144389],[121.3299717,25.0151456],[121.3300514,25.015612],[121.3300336,25.0159357],[121.3300336,25.0161937],[121.3300423,25.0164155],[121.3300334,25.0165786],[121.3298993,25.0167227],[121.3297531,25.0168012],[121.3294627,25.0168268],[121.3291434,25.0167785],[121.3288224,25.0167464],[121.328647,25.0167261],[121.3285129,25.0167295],[121.3284279,25.0167564],[121.3282868,25.0168061],[121.3281897,25.0168173],[121.3280377,25.0168512],[121.3278548,25.0168635],[121.3277037,25.0168803],[121.3272437,25.0168791],[121.3271163,25.0168633],[121.3268082,25.0168507],[121.3265876,25.0168238],[121.3262415,25.0167656],[121.3260237,25.0167367],[121.3258633,25.0167804],[121.3257494,25.0168272],[121.3256925,25.0168878],[121.3256257,25.0169996],[121.3255756,25.017109],[121.3255349,25.0172507],[121.3254642,25.0174555],[121.3252986,25.0177949],[121.3251771,25.0179316],[121.3250853,25.0180591],[121.3249232,25.0182674],[121.3248358,25.0184823],[121.3248292,25.0185237],[121.3247404,25.0190445],[121.3247089,25.0194127],[121.3246935,25.0196052],[121.324745,25.0197697],[121.3247628,25.0199555],[121.3248244,25.0201364],[121.3249245,25.0203405],[121.325047,25.0205341],[121.3251997,25.0206729],[121.3254688,25.0208157],[121.3257015,25.0208992],[121.3258057,25.0209545],[121.3262272,25.0210879],[121.3265974,25.0212954],[121.3268124,25.0215101],[121.326917,25.0217287],[121.3270772,25.0217178],[121.3270387,25.0218487],[121.3269732,25.0219719],[121.3268577,25.0220643],[121.3267038,25.0221335],[121.3264766,25.0221412],[121.3261417,25.0221682],[121.3258096,25.0223223],[121.3256826,25.0223493],[121.3255709,25.0224186],[121.3255016,25.022511],[121.3254824,25.0226072],[121.3255046,25.0227054],[121.325698,25.0228728],[121.3259642,25.0231218],[121.3261257,25.0232331],[121.326276,25.0232917],[121.3263185,25.0238053],[121.326328,25.024138],[121.3263151,25.0244562],[121.3262052,25.0247052],[121.3259992,25.0250635],[121.3258939,25.0251963],[121.3256345,25.0254638],[121.3254198,25.0257091],[121.3251429,25.0260094],[121.3249994,25.0261022],[121.3249176,25.0261779],[121.3248546,25.026231],[121.3247431,25.0263289],[121.3247295,25.0263335],[121.3246574,25.0263495],[121.3245687,25.0263582],[121.324311,25.0263589],[121.3242093,25.0263041],[121.3241314,25.0262017],[121.3239993,25.0259624],[121.3238025,25.0258889],[121.3236737,25.0258865],[121.3235634,25.0259006],[121.3234773,25.0259285],[121.3234219,25.0260034],[121.3232338,25.0261903],[121.3231619,25.0262169],[121.3224619,25.026212],[121.3217752,25.0261975],[121.321521,25.0262147],[121.3209911,25.0262135],[121.3203531,25.0262452],[121.3202426,25.0262217],[121.3199159,25.0263389],[121.3194571,25.0265895],[121.3190282,25.0268083],[121.3188222,25.0267783],[121.3184026,25.0266886],[121.318176,25.0266586],[121.3180918,25.0266389],[121.3176106,25.0265324],[121.3170812,25.0265701],[121.3168354,25.0267507],[121.3166025,25.0269269],[121.3165075,25.0271117],[121.316467,25.0274429],[121.3163305,25.0277028],[121.3162961,25.0278762],[121.3162162,25.0282749],[121.3161527,25.0283899],[121.3161376,25.0285127],[121.3158239,25.0287947],[121.3155535,25.0289997],[121.3151872,25.0292039],[121.3146423,25.0293215],[121.3142993,25.0295281],[121.3139934,25.029672],[121.3134616,25.0297375],[121.3130901,25.0299413],[121.3128793,25.030122],[121.3126255,25.0304324],[121.312307,25.0308535],[121.3112592,25.0312442],[121.3108299,25.0313471],[121.3103891,25.031413],[121.3096038,25.0316304],[121.3075368,25.0307682],[121.3071538,25.0306457],[121.3069724,25.0305851],[121.3068916,25.0305673],[121.3067836,25.0305587],[121.3066526,25.0305727],[121.306486,25.0306083],[121.3063302,25.0306872],[121.3061151,25.0307642],[121.3057059,25.0308989],[121.3055107,25.0308565],[121.305351,25.0308046],[121.3052393,25.0307699],[121.3050315,25.0306583],[121.3048775,25.030589],[121.3048003,25.030569],[121.3046446,25.0305216],[121.3044867,25.0304966],[121.3043292,25.0304454],[121.3041801,25.0304429],[121.3039813,25.0304625],[121.3037807,25.0305227],[121.3036127,25.0306519],[121.3034784,25.0308355],[121.3032719,25.0312361],[121.3030964,25.031743],[121.3030863,25.0319415],[121.3029883,25.0320961],[121.3028397,25.0324647],[121.3025689,25.0330243],[121.3025158,25.0331443],[121.3019659,25.0331628],[121.3016224,25.0331832],[121.3013981,25.0331375],[121.3004709,25.032963],[121.3001406,25.0329193],[121.2990212,25.0327585],[121.2975756,25.0325358],[121.2963337,25.0323705],[121.2961918,25.0322515],[121.2960603,25.0316958],[121.2957921,25.0313022],[121.2946013,25.0310899],[121.2944957,25.0310435],[121.2944067,25.0309385],[121.2943313,25.0308691],[121.2942419,25.0307732],[121.2938215,25.0306604],[121.2935971,25.0306851],[121.2935138,25.0306076],[121.2933975,25.0304806],[121.2932537,25.030343],[121.2931139,25.0301227],[121.2927816,25.0295007],[121.2925212,25.0289214],[121.2924501,25.0288139],[121.2923871,25.0287859],[121.2923072,25.0288052],[121.2920552,25.0289391],[121.2919596,25.0289564],[121.29186,25.0289123],[121.2915734,25.0287277],[121.2905991,25.0282601],[121.2903163,25.0280075],[121.2900598,25.0278225],[121.2889777,25.0265353],[121.2887645,25.0263463],[121.2886157,25.0263101],[121.2883985,25.0263624],[121.2882536,25.0264026],[121.287964,25.0264187],[121.2877508,25.0264589],[121.2875859,25.0265273],[121.2874411,25.026656],[121.2873124,25.0268451],[121.287244,25.0271266],[121.2872722,25.0273036],[121.2872963,25.0274726],[121.2874009,25.0276737],[121.2875631,25.0280271],[121.2874968,25.0281195],[121.2873942,25.0281798],[121.2872752,25.0282026],[121.2871625,25.0282391],[121.2870375,25.0283091],[121.2869654,25.0283923],[121.2869387,25.0286708],[121.2869123,25.0287227],[121.2867007,25.0287398],[121.286573,25.0287324],[121.2864005,25.028712],[121.2862343,25.0286479],[121.2859695,25.0284986],[121.2858009,25.028414],[121.2856601,25.0283909],[121.2855446,25.0284135],[121.2854636,25.0284631],[121.2852986,25.0286469],[121.2851292,25.0288598],[121.2850348,25.0289754],[121.284824,25.0293114],[121.2847165,25.0295252],[121.2846388,25.0296934],[121.2845972,25.0298066],[121.2845307,25.0307091],[121.2845057,25.0310105],[121.2843922,25.0316792],[121.2843122,25.0320013],[121.2842825,25.03207],[121.2842269,25.0321191],[121.2839236,25.0320932],[121.2835904,25.0320247],[121.2835093,25.0319861],[121.2834939,25.031913],[121.283511,25.0317493],[121.2835531,25.0316588],[121.2835419,25.0316217],[121.2834237,25.0316323],[121.2832241,25.0316986],[121.283183,25.0317335],[121.283049,25.0317996],[121.282917,25.0318094],[121.2827851,25.0317483],[121.2825471,25.0316391],[121.2814637,25.0312854],[121.2808321,25.0310687],[121.2796294,25.0306986],[121.2787645,25.0305337],[121.27817,25.0304894],[121.2778441,25.0304675],[121.2773064,25.030414],[121.2773386,25.0303314],[121.2773573,25.0302561],[121.2774672,25.0300126],[121.277682,25.0296316],[121.2779781,25.0292476],[121.2781164,25.0290533],[121.2782444,25.02885],[121.2783201,25.0287039],[121.2784411,25.0285008],[121.2785437,25.0283096],[121.2785888,25.0281032],[121.2786074,25.0278608],[121.2786109,25.0276604],[121.2785775,25.0274584],[121.2785053,25.0272053],[121.2784609,25.0270816],[121.2783879,25.0270038],[121.2782045,25.0268025],[121.2780564,25.0266784],[121.2779536,25.0265794],[121.2777265,25.0264143],[121.2776112,25.0263169],[121.2775692,25.0262783],[121.2774888,25.0262378],[121.2769687,25.0259431],[121.276761,25.0258517],[121.2766352,25.0257659],[121.2764543,25.0257517],[121.2762429,25.0257577],[121.2760257,25.0257874],[121.2757047,25.0259964],[121.2755385,25.0261813],[121.2753184,25.0263929],[121.2751465,25.0264695],[121.2749946,25.0264231],[121.2748302,25.0263283],[121.2747497,25.0262142],[121.274655,25.0259149],[121.2746679,25.0257313],[121.2747146,25.0253664],[121.274897,25.0246566],[121.2750626,25.0242178],[121.2750713,25.0239441],[121.2750025,25.0238437],[121.274341,25.0236853],[121.2736666,25.0234827],[121.2716979,25.0223162],[121.2715892,25.0222396],[121.2715081,25.0221649],[121.2713854,25.0219334],[121.271378,25.0218046],[121.2713928,25.0217527],[121.2715138,25.0214711],[121.2716163,25.0212255],[121.2716969,25.0205314],[121.2718552,25.0197314],[121.2719277,25.0194331],[121.271892,25.0185061],[121.2719435,25.0181733],[121.2720694,25.0179593],[121.2723107,25.0178833],[121.2724996,25.0176979],[121.2726885,25.0176313],[121.2728931,25.0175124],[121.2730072,25.0172604],[121.2732208,25.0167516],[121.273296,25.0165283],[121.2734195,25.0158144],[121.2735122,25.015316],[121.2735174,25.0152256],[121.2735137,25.0150536],[121.2735792,25.0148672],[121.2735544,25.0148373],[121.2737631,25.0143435],[121.2738951,25.0140028],[121.2739511,25.013899],[121.2739572,25.0138242],[121.2741689,25.0131443],[121.2742209,25.0130446],[121.2742266,25.0129495],[121.2742317,25.0128991],[121.2742315,25.0127587],[121.2741521,25.0126085],[121.2740863,25.0125097],[121.2740992,25.0124701],[121.2741289,25.0124319],[121.2741963,25.0124342],[121.2743139,25.0124223],[121.2744228,25.0123831],[121.2745144,25.0122743],[121.2745387,25.0121969],[121.2745557,25.0121094],[121.2747029,25.0118301],[121.2747887,25.0115988],[121.275065,25.0108949],[121.2753416,25.0103032],[121.2756308,25.0098533],[121.2763915,25.0089012],[121.2771049,25.0080789],[121.2772803,25.0077452],[121.2774607,25.007495],[121.2775866,25.007261],[121.2777202,25.006945],[121.2778591,25.0066138],[121.2780296,25.006219],[121.2782912,25.0055895],[121.2785823,25.0048459],[121.2787184,25.0044323],[121.2788251,25.0041708],[121.2791071,25.003226],[121.279388,25.0023662],[121.2794871,25.0022624],[121.2798639,25.0016932],[121.2799752,25.0014607],[121.2801014,25.001323],[121.2802072,25.0011049],[121.2802918,25.0009524],[121.2803334,25.0008098],[121.2801106,25.0007269],[121.2798639,25.0006054],[121.2796694,25.0005482],[121.2792932,25.0003901],[121.2791569,25.0003414],[121.2790528,25.000182],[121.2783658,24.9991663],[121.2778401,24.9984856],[121.277574,24.9982029],[121.2768413,24.997459],[121.2765995,24.9973293],[121.276367,24.99716],[121.2761708,24.9970379],[121.2760849,24.9969498],[121.2760419,24.9968516],[121.2760347,24.9967635],[121.2760558,24.9965691],[121.2760438,24.9964888],[121.2759323,24.9962671],[121.2757859,24.9960955],[121.2756837,24.996039],[121.2755088,24.9959482],[121.2755066,24.9958893],[121.2755244,24.9957871],[121.2755966,24.9955106],[121.2755884,24.9953363],[121.2755278,24.9952409],[121.2754273,24.995096],[121.275401,24.9949975],[121.2754265,24.9947785],[121.2754583,24.9946398],[121.2754785,24.9945754],[121.2754712,24.9945147],[121.2754256,24.9944226],[121.2753992,24.9943676],[121.2753696,24.9943162],[121.2753422,24.9942586],[121.2753224,24.9941846],[121.2752502,24.9939487],[121.275229,24.9939056],[121.2751693,24.9938847],[121.2749113,24.9938866],[121.2748139,24.9938658],[121.2745776,24.9936242],[121.2745352,24.9935653],[121.2743631,24.9933504],[121.2742247,24.9931201],[121.2741876,24.9929733],[121.2741823,24.9928936],[121.2741863,24.9927657]]]}},{"type":"Feature","properties":{"name":"大園區"},"geometry":{"type":"Polygon","coordinates":[[[121.1552216,25.0627076],[121.1549665,25.0645214],[121.1550389,25.0648864],[121.1552161,25.065294],[121.1552613,25.0655543],[121.1551972,25.0660122],[121.1552564,25.0661962],[121.1567289,25.0670574],[121.1571305,25.0674399],[121.1574234,25.067915],[121.1574378,25.0680393],[121.1564904,25.0689752],[121.1567741,25.0692654],[121.1567761,25.069588],[121.1568952,25.0700854],[121.1568358,25.0703263],[121.1559667,25.0711908],[121.1553909,25.0714352],[121.1546837,25.0720049],[121.1542153,25.072526],[121.154115,25.0727849],[121.1536243,25.0732077],[121.1535001,25.0732395],[121.153307,25.0734547],[121.1530718,25.0738415],[121.1530739,25.0739299],[121.152815,25.0743926],[121.1520468,25.0751687],[121.1520471,25.0754163],[121.1521419,25.0756179],[121.1530039,25.0762924],[121.1532299,25.0767177],[121.1535683,25.0769301],[121.1546213,25.0768902],[121.1548576,25.0769608],[121.1550827,25.0770814],[121.1552171,25.0772181],[121.1552189,25.0776633],[121.1548001,25.0789109],[121.1545589,25.0794139],[121.15502,25.0796604],[121.1552012,25.0798975],[121.155173,25.0800627],[121.1562773,25.0803724],[121.15683,25.0805425],[121.1577414,25.0808098],[121.1581725,25.0809336],[121.1586752,25.0810709],[121.1595355,25.0812554],[121.1601633,25.0814541],[121.1611682,25.0819184],[121.1617491,25.0821027],[121.1621491,25.0822966],[121.1626153,25.0825474],[121.1637451,25.0828791],[121.1642429,25.0830869],[121.1648755,25.0833754],[121.1654355,25.0836455],[121.1658355,25.0838112],[121.1662756,25.0839156],[121.1673957,25.0844456],[121.1678823,25.0846392],[121.1684266,25.084755],[121.1687555,25.0848216],[121.1691914,25.0848527],[121.1696555,25.0849855],[121.1704956,25.0852554],[121.1717172,25.0854406],[121.1724433,25.0856117],[121.1730685,25.0865032],[121.1737935,25.0871002],[121.1740588,25.0874319],[121.1744475,25.0879224],[121.1748423,25.0882472],[121.1751049,25.0885897],[121.1755765,25.089245],[121.1758987,25.0894993],[121.1766018,25.089818],[121.1774903,25.0902689],[121.1779294,25.0905266],[121.1782973,25.0907317],[121.1789791,25.0910744],[121.1796762,25.0913956],[121.1805649,25.0917726],[121.1810874,25.0918913],[121.1815548,25.092184],[121.1820117,25.0924091],[121.1825443,25.0924707],[121.1830409,25.0927986],[121.1838205,25.0931683],[121.1842995,25.0934042],[121.1848866,25.0936673],[121.1856623,25.0938734],[121.1862245,25.0939732],[121.1872025,25.0938303],[121.1880442,25.0938236],[121.1886207,25.0938458],[121.1893621,25.0945866],[121.1900652,25.0955313],[121.1903108,25.0957399],[121.1905702,25.0960059],[121.1912195,25.096413],[121.1921627,25.0970218],[121.1931094,25.0976973],[121.193731,25.0981497],[121.1942602,25.0984972],[121.1948508,25.0989295],[121.1954196,25.0993311],[121.1957701,25.0995872],[121.1960881,25.0998466],[121.1962593,25.1000618],[121.1964636,25.1003657],[121.1968576,25.1006265],[121.1978918,25.1013271],[121.1985524,25.1019401],[121.1993208,25.1023296],[121.1999045,25.1025033],[121.200161,25.1025995],[121.200731,25.1028596],[121.2010832,25.1030315],[121.2015302,25.1032524],[121.202036,25.1034977],[121.2027135,25.1038174],[121.2029392,25.1038665],[121.2031118,25.1039552],[121.2035356,25.1040968],[121.2040187,25.104245],[121.2051396,25.1045783],[121.2054068,25.104665],[121.2056548,25.1048526],[121.205861,25.1050138],[121.206006,25.1053015],[121.2060727,25.1055267],[121.2063874,25.1056149],[121.2065976,25.1057012],[121.206743,25.1057951],[121.2068459,25.1061988],[121.2071905,25.1059598],[121.2071998,25.1057473],[121.207168,25.1055843],[121.2071692,25.1054915],[121.2073009,25.1055245],[121.2075428,25.1056265],[121.2084576,25.1065474],[121.2086958,25.1066993],[121.2092006,25.1067578],[121.2100917,25.1068304],[121.210841,25.1070996],[121.2113506,25.1074771],[121.2115448,25.108372],[121.2119278,25.1085518],[121.2123237,25.1085934],[121.2127909,25.1086696],[121.2137389,25.1090778],[121.2156896,25.1093852],[121.2159526,25.10956],[121.2184208,25.1100297],[121.2192013,25.1101185],[121.2201209,25.1102996],[121.2209436,25.1104304],[121.221531,25.1105797],[121.2219211,25.1106767],[121.2226508,25.1108495],[121.225191,25.1111397],[121.2259612,25.111281],[121.2263863,25.1113768],[121.2268503,25.1115028],[121.2277151,25.1116804],[121.2281168,25.1118489],[121.2284534,25.1118712],[121.2296313,25.1120904],[121.2300158,25.1122038],[121.2302783,25.1123241],[121.2305367,25.1124607],[121.2309716,25.112546],[121.2313901,25.1127951],[121.2317761,25.1130629],[121.2319497,25.1132588],[121.2320511,25.1133732],[121.2323369,25.1138455],[121.2324909,25.1144296],[121.23285,25.1145903],[121.2334722,25.1148077],[121.237117,25.1150412],[121.2388805,25.1154516],[121.2392193,25.1156174],[121.2395641,25.1157706],[121.239515,25.1163573],[121.2395547,25.1164009],[121.2396759,25.1165339],[121.2394303,25.1194773],[121.240806,25.1194456],[121.2417631,25.1194493],[121.2417713,25.1196829],[121.2416569,25.1203019],[121.2415704,25.1210646],[121.2439909,25.1210979],[121.2454748,25.1210928],[121.2466294,25.1194074],[121.2468125,25.1192584],[121.2473913,25.1195461],[121.2483011,25.1197791],[121.2485601,25.1189008],[121.2485747,25.1176704],[121.2487469,25.1172597],[121.2494269,25.1162605],[121.250546,25.1149791],[121.2522354,25.1135083],[121.2525202,25.1123607],[121.252595,25.1118591],[121.2527943,25.1114128],[121.2527932,25.1111906],[121.252821,25.1109213],[121.2528672,25.1106687],[121.2529412,25.110075],[121.253077,25.1087163],[121.2534026,25.1074069],[121.2537032,25.1056972],[121.2538502,25.1052328],[121.2541454,25.1019445],[121.2545019,25.1010193],[121.2546431,25.1007538],[121.2547879,25.1005534],[121.2549381,25.1003671],[121.255366,25.099831],[121.2565461,25.0982229],[121.2566802,25.0978949],[121.2567016,25.0977249],[121.2567714,25.0976059],[121.2568009,25.0973096],[121.2567982,25.0970837],[121.2569175,25.0965176],[121.2570372,25.0964358],[121.2571335,25.0961364],[121.2571254,25.0961048],[121.257222,25.0957842],[121.2572937,25.0954805],[121.2574245,25.0950117],[121.2575586,25.0946231],[121.2577225,25.0943281],[121.2578121,25.0941862],[121.2580929,25.0935123],[121.258144,25.0934505],[121.2582218,25.0934244],[121.2585296,25.0932167],[121.2588193,25.0930029],[121.2594621,25.0925651],[121.2598878,25.0923143],[121.2611693,25.0912608],[121.2618847,25.0906948],[121.2626944,25.0897121],[121.2633021,25.0886177],[121.2637829,25.0880954],[121.2644331,25.0873783],[121.2646805,25.0868038],[121.2651584,25.0857404],[121.2652257,25.0852855],[121.265214,25.0849941],[121.265223,25.0848215],[121.2652968,25.0846358],[121.2653412,25.0840895],[121.2655804,25.0838045],[121.2657105,25.0835421],[121.2660759,25.0830172],[121.2664735,25.0826812],[121.2670866,25.0822852],[121.2691203,25.0816635],[121.2699188,25.0814837],[121.2704372,25.0813623],[121.2710014,25.0812208],[121.27154,25.080954],[121.272187,25.080522],[121.27257,25.080164],[121.27266,25.080024],[121.2728619,25.0796715],[121.2730551,25.0791953],[121.2731235,25.0787379],[121.2732238,25.0779909],[121.2729379,25.07709],[121.272328,25.0761164],[121.2717252,25.075272],[121.2711644,25.0744987],[121.2707333,25.0736043],[121.2707201,25.0734444],[121.2702944,25.0734311],[121.269603,25.0733802],[121.2688226,25.0731427],[121.2685512,25.0733929],[121.2681991,25.0734099],[121.2676562,25.0733972],[121.2671473,25.0734523],[121.2667316,25.0734438],[121.2656712,25.0732742],[121.2652259,25.0731427],[121.2650902,25.0731427],[121.2649544,25.0730706],[121.2650096,25.0729815],[121.265192,25.072727],[121.2652471,25.0724259],[121.2653035,25.0721017],[121.265164,25.0714953],[121.2650139,25.0713348],[121.2648211,25.0709498],[121.2648159,25.0706313],[121.2648062,25.0705468],[121.2647428,25.0704864],[121.2646345,25.0704114],[121.2644481,25.0703506],[121.2642399,25.0701757],[121.2641841,25.0699674],[121.2641731,25.069724],[121.2641169,25.0696358],[121.2640354,25.0695318],[121.26391,25.0694945],[121.2634867,25.0694196],[121.2632014,25.0694448],[121.2628967,25.0694394],[121.2626136,25.069265],[121.2624104,25.0690162],[121.2622915,25.0687196],[121.2622396,25.0682351],[121.2620528,25.0680372],[121.2619986,25.0678174],[121.2620257,25.06769],[121.2623045,25.0664125],[121.2622646,25.0662504],[121.2621782,25.0662083],[121.2621193,25.0661828],[121.2620214,25.0661843],[121.2619266,25.0661307],[121.2612911,25.0655672],[121.2598995,25.0645977],[121.2597895,25.0644508],[121.2594631,25.0642831],[121.2593855,25.0637766],[121.2591429,25.0637389],[121.2589424,25.0635789],[121.2587541,25.0635214],[121.2582385,25.063436],[121.2578113,25.0630902],[121.2575618,25.0629316],[121.2574148,25.0625955],[121.2571703,25.0624832],[121.2569812,25.0623291],[121.2561354,25.0619187],[121.2547046,25.060911],[121.2545096,25.0608093],[121.2521577,25.0620749],[121.2520255,25.062096],[121.2507799,25.0617145],[121.2505121,25.0615924],[121.2502638,25.0614616],[121.2501146,25.061409],[121.2498238,25.0613352],[121.2497329,25.0612615],[121.2496688,25.0609915],[121.2496286,25.0608684],[121.2491071,25.0602839],[121.2490089,25.0600553],[121.2490191,25.0599662],[121.2490484,25.0598816],[121.2491194,25.0598128],[121.24926,25.0596807],[121.2493908,25.059473],[121.2494282,25.0593727],[121.2494411,25.0592085],[121.249505,25.0591006],[121.2497572,25.0590039],[121.2498841,25.0588998],[121.2510847,25.0573604],[121.2510692,25.0572915],[121.2493721,25.0569827],[121.2482522,25.0567896],[121.2479754,25.0566049],[121.2472374,25.0563644],[121.2456579,25.0555081],[121.245435,25.0553193],[121.2455141,25.0550598],[121.2456882,25.0547651],[121.2460551,25.0543852],[121.246112,25.0542767],[121.2460949,25.0541924],[121.2457829,25.053898],[121.2457885,25.0538261],[121.2462466,25.053081],[121.2472057,25.0517711],[121.2474127,25.0514035],[121.2476621,25.0509718],[121.2478506,25.0509058],[121.2481859,25.0502038],[121.2483248,25.0500223],[121.248337,25.0498554],[121.2475381,25.0491246],[121.2467769,25.0485721],[121.2463264,25.0483025],[121.247689,25.0472753],[121.2473948,25.0470838],[121.2470682,25.0469699],[121.246256,25.0468017],[121.2461738,25.0466798],[121.2461499,25.0463651],[121.2460834,25.0462707],[121.2459965,25.0462605],[121.2453275,25.0464659],[121.2452388,25.0464126],[121.2451981,25.0461683],[121.2451058,25.0460762],[121.2448036,25.0459271],[121.2443858,25.0459012],[121.2441341,25.0459739],[121.2432527,25.0465066],[121.2431446,25.0465044],[121.2422544,25.0456797],[121.2421922,25.0456282],[121.2420721,25.0455775],[121.2418745,25.0455226],[121.2414692,25.0455051],[121.2413813,25.0454751],[121.2412575,25.0454355],[121.2411348,25.0453719],[121.2408948,25.0452249],[121.2405735,25.0451282],[121.2404536,25.045074],[121.2402356,25.0449502],[121.2401274,25.0449286],[121.2393266,25.0445061],[121.2390058,25.0443239],[121.2384584,25.0439052],[121.2382507,25.0436708],[121.2380989,25.04347],[121.2380268,25.0433148],[121.2379383,25.0431913],[121.2378911,25.0431623],[121.2377894,25.043102],[121.2374704,25.0430002],[121.2371863,25.0428985],[121.2367555,25.0426107],[121.2367146,25.0424859],[121.2367465,25.0424284],[121.236826,25.0422659],[121.2369204,25.0420457],[121.2370029,25.0416251],[121.2370068,25.0412085],[121.2370972,25.0404459],[121.2371759,25.0400292],[121.2373724,25.0395851],[121.2375729,25.0392431],[121.2377764,25.0390524],[121.2374323,25.0388649],[121.2364907,25.0382838],[121.2367748,25.0379105],[121.2357866,25.037304],[121.235459,25.0371255],[121.2342998,25.0366397],[121.234335,25.0362173],[121.234308,25.0359472],[121.2344991,25.0354296],[121.2343012,25.0348694],[121.2344232,25.0343737],[121.2344628,25.0335812],[121.2346137,25.033203],[121.2346767,25.0326776],[121.2347828,25.0323723],[121.2347293,25.032295],[121.2343364,25.032246],[121.2338223,25.0317868],[121.2335815,25.0317241],[121.2332992,25.0314594],[121.2332149,25.03144],[121.2329054,25.0312523],[121.2323128,25.0312531],[121.2321469,25.0311643],[121.2322789,25.0308228],[121.2323141,25.0304687],[121.2323498,25.0303601],[121.2324419,25.0302337],[121.233218,25.0295777],[121.2334129,25.0296307],[121.2339098,25.0296271],[121.2340421,25.0295727],[121.2344671,25.0293407],[121.2347914,25.0291062],[121.2351215,25.0289179],[121.2352898,25.0287815],[121.2356852,25.0284298],[121.2368157,25.0269658],[121.2376363,25.0254534],[121.2378455,25.0249948],[121.2378374,25.0242466],[121.2384167,25.0229353],[121.2388672,25.023064],[121.2391005,25.0228629],[121.239543,25.0223238],[121.2398165,25.0218653],[121.2399417,25.0215234],[121.2403072,25.0209481],[121.2409508,25.0201839],[121.2415462,25.0194679],[121.2419726,25.0190656],[121.242592,25.0186473],[121.2430586,25.0180921],[121.243292,25.0176014],[121.2436942,25.0170543],[121.2441286,25.0164751],[121.2441608,25.0161372],[121.2442654,25.0157832],[121.2444979,25.0156099],[121.2445664,25.0155496],[121.2446851,25.0154783],[121.2448267,25.0153456],[121.2449686,25.0151767],[121.2450585,25.0150909],[121.2451003,25.0150308],[121.2451562,25.014964],[121.2451797,25.0149177],[121.2454048,25.0146115],[121.2454287,25.0145702],[121.2455557,25.0144247],[121.2456966,25.0143094],[121.245875,25.0142379],[121.2459958,25.0141892],[121.2461174,25.0141012],[121.2461848,25.0140374],[121.2462703,25.0139177],[121.2463658,25.0137201],[121.2463874,25.0136583],[121.2464263,25.0134978],[121.246538,25.0131974],[121.2465604,25.0129782],[121.2465917,25.0128685],[121.2466548,25.012702],[121.2471392,25.0119168],[121.2472376,25.0117441],[121.2472838,25.0116118],[121.2473708,25.0113752],[121.2474931,25.0109322],[121.2475302,25.0108271],[121.2476012,25.0106746],[121.2473895,25.0106307],[121.2467594,25.0106862],[121.2457356,25.01065],[121.2454596,25.0106426],[121.2451668,25.0106503],[121.244928,25.010695],[121.2448134,25.0107445],[121.2446364,25.0107757],[121.2440437,25.0106715],[121.2437062,25.0105991],[121.2436848,25.0105544],[121.2436896,25.0104986],[121.2436732,25.0104384],[121.2436513,25.0104108],[121.2434594,25.0103926],[121.2433263,25.0103633],[121.2432205,25.0103187],[121.2428013,25.0101396],[121.2426133,25.0100822],[121.2424412,25.0100548],[121.2414478,25.0099039],[121.2411721,25.0098759],[121.2408995,25.0098375],[121.2408125,25.0098314],[121.2394547,25.0095798],[121.2391498,25.0095289],[121.2387861,25.0094672],[121.2387175,25.0094593],[121.2385534,25.0094231],[121.2384494,25.0094145],[121.2383047,25.0093733],[121.2380695,25.0092235],[121.2379061,25.0091048],[121.2377195,25.0089896],[121.237577,25.0089205],[121.2375342,25.0089146],[121.237337,25.0088511],[121.2363472,25.0086995],[121.2361479,25.0086587],[121.2355463,25.0083921],[121.235133,25.0082311],[121.2349887,25.0081543],[121.2348894,25.0080635],[121.2348179,25.007986],[121.2347558,25.0079327],[121.2346997,25.0079053],[121.2346286,25.0078873],[121.234245,25.0078791],[121.2341476,25.007854],[121.2340321,25.0078339],[121.2339685,25.0078336],[121.2332263,25.0080252],[121.2331582,25.0080611],[121.2331207,25.0080585],[121.2330865,25.0079109],[121.2330524,25.0078347],[121.2328827,25.007555],[121.2327688,25.0074157],[121.2326345,25.0072765],[121.2325757,25.0072655],[121.2324648,25.0072647],[121.2321335,25.0073113],[121.2320005,25.0073495],[121.2319285,25.0073616],[121.2317341,25.0073725],[121.2314859,25.0073724],[121.2312671,25.0073842],[121.2310828,25.0073786],[121.2304349,25.0073803],[121.230209,25.0073886],[121.2299793,25.0073879],[121.2295655,25.007393],[121.2293631,25.0073703],[121.2292539,25.0073308],[121.2287799,25.0070976],[121.2286713,25.0070429],[121.2286098,25.0069902],[121.2285582,25.006899],[121.2285404,25.0068269],[121.2285698,25.0067061],[121.2288089,25.0060604],[121.2293841,25.0047079],[121.2293703,25.0046623],[121.2293411,25.0046354],[121.2289988,25.0045094],[121.2287478,25.0043386],[121.2286843,25.0043251],[121.2285191,25.004315],[121.2284014,25.0043234],[121.2283059,25.0043127],[121.2282331,25.004318],[121.2280869,25.0043136],[121.2279966,25.0042938],[121.2278798,25.0042849],[121.2277874,25.0042566],[121.2276428,25.0042637],[121.2275554,25.0042491],[121.2273431,25.0041766],[121.2272327,25.0041138],[121.2270662,25.003996],[121.2268925,25.0038079],[121.2268522,25.0037168],[121.2268341,25.0036418],[121.2268177,25.0032634],[121.2267621,25.0031615],[121.2257402,25.003489],[121.2252131,25.0037321],[121.2249448,25.0039121],[121.224713,25.0041223],[121.2244578,25.0043915],[121.224069,25.0048363],[121.2239048,25.0049698],[121.2235892,25.0054008],[121.2234524,25.0056956],[121.2233178,25.0062113],[121.2231416,25.0071872],[121.2231135,25.0085652],[121.223023,25.009099],[121.2230244,25.0094979],[121.2230783,25.0097483],[121.2232021,25.0101075],[121.2234022,25.0106136],[121.2234975,25.0109139],[121.2235426,25.0112098],[121.2236168,25.0117912],[121.2234479,25.012297],[121.2232238,25.012726],[121.2231897,25.0127874],[121.2231341,25.0128621],[121.2228191,25.0134453],[121.2227962,25.0135485],[121.2227753,25.0136922],[121.2227715,25.0138632],[121.2227639,25.0140514],[121.2227839,25.0142092],[121.2228172,25.0144088],[121.2229049,25.0147093],[121.223072,25.0151349],[121.2231545,25.0152549],[121.2231812,25.0153275],[121.2232374,25.0154008],[121.2233203,25.0155191],[121.2233774,25.0155761],[121.2235413,25.0157902],[121.2238478,25.016106],[121.22389,25.0161684],[121.2239967,25.0162702],[121.224292,25.016581],[121.2247375,25.0170432],[121.2248951,25.0172001],[121.2249256,25.0172415],[121.2249885,25.0173114],[121.2250638,25.0174375],[121.2251677,25.0176959],[121.2251971,25.0178502],[121.2252048,25.0179227],[121.2252238,25.0180626],[121.2252671,25.0184353],[121.2253286,25.0189052],[121.2253998,25.0192023],[121.2254982,25.0195751],[121.225523,25.0198393],[121.2254944,25.0200713],[121.2254582,25.0202054],[121.225406,25.0203423],[121.2253191,25.0204851],[121.2252396,25.020551],[121.2251552,25.0205654],[121.2246913,25.0203802],[121.2247293,25.0202886],[121.2247716,25.0202117],[121.2248656,25.0198212],[121.2248666,25.019527],[121.2248113,25.019231],[121.2247267,25.0189486],[121.2245685,25.0186685],[121.2244959,25.0185598],[121.2244188,25.0184749],[121.2238674,25.017926],[121.2228012,25.0187966],[121.2213756,25.0173871],[121.2186849,25.0196189],[121.2179131,25.0188398],[121.2173268,25.0192987],[121.2168632,25.0191449],[121.2163742,25.0186688],[121.2150978,25.0197348],[121.2135,25.0181515],[121.2134233,25.0180755],[121.2124794,25.0171666],[121.212664,25.0169959],[121.2126689,25.0169871],[121.2126939,25.0169421],[121.2132843,25.0158803],[121.2132628,25.015715],[121.213203,25.0156738],[121.2120462,25.0145208],[121.2120255,25.0145037],[121.2116106,25.0140914],[121.2104535,25.0150566],[121.209617,25.0142563],[121.2115173,25.0127013],[121.2122395,25.0121071],[121.2132435,25.0112577],[121.2134791,25.0108724],[121.2142116,25.009568],[121.2140221,25.0094102],[121.213351,25.0090992],[121.2136226,25.0071297],[121.2135968,25.005948],[121.2134819,25.0049963],[121.2134842,25.0048199],[121.2135179,25.0045996],[121.2137649,25.0042114],[121.213751,25.0041783],[121.2138855,25.0039648],[121.2142214,25.003439],[121.2132314,25.0033698],[121.2127864,25.0028986],[121.2125676,25.0026603],[121.2123181,25.0022446],[121.2119667,25.0018566],[121.2112144,25.0009803],[121.2110528,25.0014538],[121.2109202,25.0017583],[121.2103356,25.0027397],[121.2095242,25.0036245],[121.2093432,25.0046503],[121.2096811,25.0056761],[121.2100982,25.0067359],[121.2100446,25.0074506],[121.2090521,25.0080631],[121.2086337,25.0085007],[121.2088322,25.0092542],[121.2096597,25.0103577],[121.2101854,25.0110723],[121.2102001,25.0114562],[121.2097763,25.011811],[121.208623,25.0119909],[121.2081147,25.0122488],[121.207945,25.0126042],[121.2077875,25.0129342],[121.2078773,25.0135514],[121.2081992,25.0146743],[121.2088765,25.0163565],[121.2090535,25.0170274],[121.2089854,25.0172032],[121.2088033,25.0172667],[121.2082904,25.0170174],[121.2070204,25.0161427],[121.206557,25.0161072],[121.2061922,25.0161222],[121.20602,25.0163441],[121.206118,25.0166996],[121.2065094,25.0170758],[121.2074442,25.0178829],[121.2077821,25.0183253],[121.2078934,25.0188355],[121.2078761,25.0189201],[121.2078128,25.0190148],[121.2073163,25.0194599],[121.2066633,25.0200937],[121.2062511,25.0207674],[121.2061345,25.0209057],[121.2060474,25.0210349],[121.2060345,25.0210724],[121.2061035,25.0214658],[121.2065268,25.021927],[121.2071589,25.0225728],[121.2074407,25.0228971],[121.2075325,25.0230147],[121.2076988,25.0232399],[121.2079489,25.0234092],[121.2079932,25.0234494],[121.2080345,25.0235094],[121.2080113,25.0235836],[121.2078001,25.0237736],[121.2076592,25.0238339],[121.2073052,25.023945],[121.2060803,25.0245277],[121.2038755,25.0251012],[121.2025996,25.0255319],[121.2023359,25.0256845],[121.2017941,25.0262046],[121.2012858,25.0264674],[121.2005788,25.0261922],[121.2005124,25.0261522],[121.2004744,25.0261092],[121.2004126,25.0260303],[121.2003509,25.0259299],[121.2002622,25.0258007],[121.2001969,25.0257559],[121.2000406,25.0257061],[121.1999725,25.0257075],[121.1997746,25.0256817],[121.1996768,25.0256548],[121.199602,25.02562],[121.1995244,25.0255655],[121.1994959,25.0255224],[121.1994206,25.0254409],[121.1993835,25.0253775],[121.1993455,25.0252757],[121.1993113,25.0251662],[121.1993249,25.0249859],[121.1993616,25.0247794],[121.1993503,25.0246416],[121.1992903,25.0245266],[121.1991539,25.0244077],[121.1990621,25.0243432],[121.1989798,25.0243001],[121.1989671,25.0242858],[121.1989083,25.0242376],[121.1987518,25.0240677],[121.1986568,25.0239314],[121.1985935,25.0238396],[121.1984842,25.0237492],[121.1983908,25.0236918],[121.1983433,25.0236703],[121.1982748,25.0236834],[121.1977067,25.0245156],[121.1971366,25.0253162],[121.1970545,25.0254084],[121.1969904,25.0254636],[121.1968337,25.0256193],[121.1967616,25.0256573],[121.1966936,25.0257304],[121.1966354,25.025808],[121.1965683,25.0259252],[121.1964203,25.0261757],[121.1961111,25.0266401],[121.195845,25.0265643],[121.1951221,25.0264479],[121.1950242,25.0257963],[121.1948002,25.0251987],[121.1940264,25.0237256],[121.193962,25.0233222],[121.1940586,25.0210229],[121.1938977,25.0183105],[121.1939265,25.0179584],[121.1932016,25.0179899],[121.1929263,25.0180544],[121.1924673,25.0182184],[121.1919373,25.0183194],[121.1912516,25.0183971],[121.1908302,25.0184754],[121.1904222,25.0187583],[121.1902791,25.0185733],[121.1901279,25.0180152],[121.1898656,25.0178009],[121.1893835,25.0177233],[121.1890474,25.0174376],[121.188855,25.0170219],[121.1886584,25.0165857],[121.1882067,25.0160141],[121.1878999,25.0157725],[121.1877048,25.0157839],[121.1874692,25.0159938],[121.187268,25.0163869],[121.1872511,25.0165644],[121.1872361,25.0167844],[121.187224,25.0169763],[121.1873282,25.0173465],[121.1873793,25.0175068],[121.1872471,25.0183516],[121.1872496,25.0185598],[121.1872768,25.0187739],[121.1873127,25.0191838],[121.1872636,25.0195439],[121.1871653,25.0198889],[121.1869952,25.0201391],[121.1865558,25.0205091],[121.1864487,25.0206084],[121.1861136,25.0208016],[121.185984,25.0209178],[121.185794,25.0212773],[121.1856256,25.0215442],[121.1853495,25.0218284],[121.1853489,25.0220193],[121.1854387,25.0222981],[121.1854373,25.0231214],[121.185452,25.0235638],[121.1855499,25.0237994],[121.1856147,25.024021],[121.1856404,25.0241552],[121.1856278,25.0244642],[121.185567,25.0246303],[121.1854574,25.0249587],[121.1853806,25.0252953],[121.1852499,25.025978],[121.1850658,25.0262764],[121.1844398,25.0268485],[121.1845411,25.0268895],[121.1842796,25.0270812],[121.1840255,25.0272316],[121.1837106,25.0272341],[121.1833813,25.02742],[121.1831494,25.0276845],[121.1830186,25.0281203],[121.1827975,25.0284853],[121.1826086,25.0284798],[121.1826007,25.0277538],[121.1824462,25.0273263],[121.182297,25.0271876],[121.1821259,25.0268977],[121.182041,25.0265713],[121.181853,25.0257638],[121.1817911,25.0251519],[121.1813081,25.0242193],[121.181029,25.0238967],[121.1808244,25.0233254],[121.1805081,25.0228042],[121.1803362,25.0226095],[121.1801376,25.0224895],[121.1799337,25.022574],[121.1794096,25.0230825],[121.1792112,25.0231598],[121.1789066,25.0231398],[121.1785362,25.0233954],[121.1785476,25.0234869],[121.178622,25.0236352],[121.178503,25.0239048],[121.1787161,25.0241565],[121.1773927,25.0247466],[121.1772555,25.0246779],[121.1772188,25.0251309],[121.1769854,25.0255361],[121.1766517,25.0259507],[121.1764088,25.0266433],[121.1761196,25.0272725],[121.1760018,25.0273844],[121.1760239,25.0275337],[121.1759048,25.0275302],[121.1751182,25.0273157],[121.1751256,25.0272078],[121.1740916,25.0268775],[121.1737817,25.0268285],[121.173423,25.026793],[121.1731192,25.0268204],[121.172825,25.0269741],[121.1724027,25.027308],[121.1719546,25.0276313],[121.1718958,25.0276389],[121.1716076,25.0273375],[121.1712923,25.0272234],[121.1709615,25.0272808],[121.1706863,25.0272943],[121.1706025,25.0273308],[121.1705035,25.0275019],[121.1703403,25.0275336],[121.1699923,25.0275386],[121.1697189,25.0275746],[121.1696963,25.0275456],[121.1693957,25.027545],[121.1691026,25.0273916],[121.167573,25.0277054],[121.1663491,25.0279923],[121.165855,25.0282475],[121.1653784,25.028029],[121.1648254,25.0276238],[121.1640262,25.0269936],[121.1635891,25.0269097],[121.1633154,25.0269483],[121.1624514,25.026563],[121.1622221,25.0264854],[121.162152,25.0280109],[121.1621779,25.0282124],[121.1607671,25.0288929],[121.1582879,25.029931],[121.1589485,25.0310753],[121.1592301,25.0315132],[121.1594396,25.0316948],[121.1599784,25.0321828],[121.1606875,25.0329031],[121.1631032,25.0364232],[121.1654363,25.0397751],[121.1661757,25.0416067],[121.1673622,25.0435843],[121.1675716,25.0440934],[121.166381,25.0447597],[121.1646707,25.0454443],[121.1644403,25.045548],[121.1643497,25.0455939],[121.1642234,25.0456395],[121.1640936,25.0456941],[121.1635293,25.0460757],[121.162875,25.04633],[121.1623873,25.0466114],[121.1622099,25.0466082],[121.1619259,25.0464286],[121.1617536,25.0466973],[121.1616857,25.046956],[121.161648,25.0473302],[121.161359,25.0477768],[121.1610694,25.0480379],[121.1608562,25.0483739],[121.1608501,25.0485954],[121.1611923,25.0494519],[121.1612196,25.0499619],[121.1611272,25.0501731],[121.1611312,25.0503216],[121.1613379,25.0507433],[121.1615179,25.0511863],[121.1617643,25.0513446],[121.1617401,25.0516392],[121.1617021,25.0516784],[121.1611289,25.0518047],[121.1607264,25.0519223],[121.1602011,25.0520714],[121.1599658,25.0522455],[121.159571,25.0525964],[121.1593136,25.0527626],[121.1590729,25.0528991],[121.1586158,25.0537667],[121.1582284,25.0542343],[121.1580433,25.0545323],[121.1579263,25.0546859],[121.1578484,25.0548095],[121.1578263,25.0548726],[121.1577202,25.0550921],[121.1575745,25.0553789],[121.1575207,25.0554392],[121.1574922,25.0555008],[121.1571518,25.0558881],[121.1568043,25.056264],[121.1565796,25.0565411],[121.1564821,25.0566927],[121.1564188,25.0568619],[121.1563649,25.0570828],[121.156149,25.0575942],[121.1559188,25.0579491],[121.1555047,25.0581236],[121.1553369,25.0583574],[121.1553002,25.0584579],[121.1557647,25.0588315],[121.1562402,25.0591479],[121.1564166,25.0593822],[121.156697,25.0599382],[121.1567048,25.0600495],[121.1562389,25.0606882],[121.1556467,25.0617417],[121.155459,25.0619312],[121.1553517,25.0621523],[121.1552427,25.0625423],[121.1552216,25.0627076]]]}}]}